Date,Year,Day,Month,Season,Weather,SolarRadiation(ALLSKY_SFC_SW_DWN),Temperature(T2M),Humidity(RH2M),Precipitation,Wind(WS10M),ProductionToday(kWh),SolarRadiation(ALLSKY_SFC_SW_DWN)_Outlier,ProductionToday(kWh)_Outlier
2023-02-15 00:00:00,2023,Wednesday,February,Winter,Cloudy,6.93,26.48,52.54,0.0,1.53,0.06,False,True
2023-02-16 00:00:00,2023,Thursday,February,Winter,Clear,6.91,26.12,48.98,0.0,2.1,0.0,False,True
2023-02-17 00:00:00,2023,Friday,February,Winter,Clear,6.95,26.34,48.52,0.0,2.17,0.0,False,True
2023-02-18 00:00:00,2023,Saturday,February,Winter,Cloudy,6.73,26.02,55.02,0.0,1.76,0.0,False,True
2023-02-19 00:00:00,2023,Sunday,February,Winter,Cloudy,6.44,26.67,57.34,0.0,1.4,0.0,False,True
2023-02-20 00:00:00,2023,Monday,February,Winter,Cloudy,6.47,26.95,58.02,0.0,1.79,0.0,False,True
2023-02-21 00:00:00,2023,Tuesday,February,Winter,Cloudy,6.48,27.42,58.73,0.0,1.34,0.0,False,True
2023-02-22 00:00:00,2023,Wednesday,February,Winter,Clear,6.8,27.33,47.52,0.0,1.6,0.73,False,True
2023-02-23 00:00:00,2023,Thursday,February,Winter,Clear,7.23,26.15,45.05,0.0,2.08,14.52,False,False
2023-02-24 00:00:00,2023,Friday,February,Winter,Cloudy,7.29,26.84,52.45,0.0,1.73,15.04,False,False
2023-02-25 00:00:00,2023,Saturday,February,Winter,Clear,7.22,27.33,46.08,0.0,1.72,14.91,False,False
2023-02-26 00:00:00,2023,Sunday,February,Winter,Windy,7.21,26.64,39.3,0.0,2.58,14.79,False,False
2023-02-27 00:00:00,2023,Monday,February,Winter,Clear,7.48,26.15,43.32,0.0,2.41,14.97,False,False
2023-02-28 00:00:00,2023,Tuesday,February,Winter,Clear,6.72,26.76,44.48,0.0,1.98,13.3,False,False
2023-03-01 00:00:00,2023,Wednesday,March,Summer,Cloudy,5.23,28.19,52.93,0.02,2.39,13.1,False,False
2023-03-02 00:00:00,2023,Thursday,March,Summer,Clear,7.26,28.09,44.01,0.03,2.43,13.86,False,False
2023-03-03 00:00:00,2023,Friday,March,Summer,Windy,7.52,27.31,31.63,0.02,3.09,15.29,False,False
2023-03-04 00:00:00,2023,Saturday,March,Summer,Windy,7.26,27.93,36.97,0.0,2.57,14.9,False,False
2023-03-05 00:00:00,2023,Sunday,March,Summer,Rainy,7.16,28.43,46.77,0.3,2.17,13.59,False,False
2023-03-06 00:00:00,2023,Monday,March,Summer,Clear,7.43,27.79,37.94,0.08,1.99,14.3,False,False
2023-03-07 00:00:00,2023,Tuesday,March,Summer,Clear,5.58,27.84,36.72,0.0,1.81,11.25,False,False
2023-03-08 00:00:00,2023,Wednesday,March,Summer,Clear,7.33,27.57,42.64,0.0,2.47,14.2,False,False
2023-03-09 00:00:00,2023,Thursday,March,Summer,Clear,6.01,27.8,45.53,0.0,2.32,11.71,False,False
2023-03-10 00:00:00,2023,Friday,March,Summer,Clear,6.34,28.06,44.86,0.0,2.26,12.64,False,False
2023-03-11 00:00:00,2023,Saturday,March,Summer,Clear,7.04,28.42,46.63,0.0,1.64,13.34,False,False
2023-03-12 00:00:00,2023,Sunday,March,Summer,Clear,7.31,28.7,43.78,0.0,2.3,13.06,False,False
2023-03-13 00:00:00,2023,Monday,March,Summer,Cloudy,6.72,28.75,50.02,0.0,2.16,11.89,False,False
2023-03-14 00:00:00,2023,Tuesday,March,Summer,Clear,5.89,28.75,48.24,0.01,1.69,11.98,False,False
2023-03-15 00:00:00,2023,Wednesday,March,Summer,Rainy,5.95,28.48,60.92,0.23,1.72,11.67,False,False
2023-03-16 00:00:00,2023,Thursday,March,Summer,Rainy,5.24,28.58,63.13,0.35,1.58,13.38,False,False
2023-03-17 00:00:00,2023,Friday,March,Summer,Rainy,5.48,28.91,60.28,4.15,1.45,11.27,False,False
2023-03-18 00:00:00,2023,Saturday,March,Summer,Rainy,5.21,27.89,68.62,1.83,1.93,12.98,False,False
2023-03-19 00:00:00,2023,Sunday,March,Summer,Rainy,5.8,27.32,68.7,1.27,2.36,12.77,False,False
2023-03-20 00:00:00,2023,Monday,March,Summer,Rainy,6.3,27.33,62.6,0.59,2.67,13.0,False,False
2023-03-21 00:00:00,2023,Tuesday,March,Summer,Windy,7.21,27.17,56.16,0.01,2.66,15.67,False,False
2023-03-22 00:00:00,2023,Wednesday,March,Summer,Cloudy,7.36,26.98,55.2,0.0,2.31,13.57,False,False
2023-03-23 00:00:00,2023,Thursday,March,Summer,Cloudy,6.36,28.12,59.68,0.01,2.12,13.21,False,False
2023-03-24 00:00:00,2023,Friday,March,Summer,Rainy,5.32,28.39,62.37,0.59,2.02,10.0,False,False
2023-03-25 00:00:00,2023,Saturday,March,Summer,Rainy,5.26,26.58,72.52,3.47,1.2,13.87,False,False
2023-03-26 00:00:00,2023,Sunday,March,Summer,Rainy,5.38,27.81,65.61,0.91,1.94,12.98,False,False
2023-03-27 00:00:00,2023,Monday,March,Summer,Rainy,4.95,28.6,61.77,0.34,1.64,6.89,False,False
2023-03-28 00:00:00,2023,Tuesday,March,Summer,Rainy,6.87,29.45,58.9,0.76,1.92,13.86,False,False
2023-03-29 00:00:00,2023,Wednesday,March,Summer,Rainy,4.43,26.1,79.73,8.48,1.87,6.86,False,False
2023-03-30 00:00:00,2023,Thursday,March,Summer,Rainy,5.27,27.44,71.88,4.37,1.83,11.03,False,False
2023-03-31 00:00:00,2023,Friday,March,Summer,Rainy,6.65,28.15,66.76,0.53,2.02,15.43,False,False
2023-04-01 00:00:00,2023,Saturday,April,Summer,Rainy,5.64,27.53,67.81,1.88,2.15,14.85,False,False
2023-04-02 00:00:00,2023,Sunday,April,Summer,Rainy,6.26,27.27,69.38,1.23,2.22,14.89,False,False
2023-04-03 00:00:00,2023,Monday,April,Summer,Rainy,6.07,26.93,70.37,3.47,1.72,11.46,False,False
2023-04-04 00:00:00,2023,Tuesday,April,Summer,Rainy,3.02,26.63,74.78,2.87,1.54,6.91,False,False
2023-04-05 00:00:00,2023,Wednesday,April,Summer,Rainy,5.92,27.22,71.75,0.34,1.55,13.31,False,False
2023-04-06 00:00:00,2023,Thursday,April,Summer,Rainy,5.81,27.61,70.35,0.25,1.34,10.88,False,False
2023-04-07 00:00:00,2023,Friday,April,Summer,Cloudy,6.25,28.78,63.89,0.13,0.79,13.94,False,False
2023-04-08 00:00:00,2023,Saturday,April,Summer,Cloudy,7.27,29.27,56.93,0.09,1.31,14.58,False,False
2023-04-09 00:00:00,2023,Sunday,April,Summer,Cloudy,6.91,29.16,55.63,0.17,1.47,14.33,False,False
2023-04-10 00:00:00,2023,Monday,April,Summer,Cloudy,7.22,29.53,54.91,0.16,1.44,14.7,False,False
2023-04-11 00:00:00,2023,Tuesday,April,Summer,Cloudy,7.25,29.6,57.55,0.14,1.5,13.77,False,False
2023-04-12 00:00:00,2023,Wednesday,April,Summer,Cloudy,7.39,29.24,59.18,0.0,0.96,14.4,False,False
2023-04-13 00:00:00,2023,Thursday,April,Summer,Clear,7.72,29.94,49.71,0.0,1.43,14.79,False,False
2023-04-14 00:00:00,2023,Friday,April,Summer,Cloudy,7.15,29.26,59.84,0.0,1.31,14.45,False,False
2023-04-15 00:00:00,2023,Saturday,April,Summer,Cloudy,6.48,29.77,58.85,0.0,1.16,12.08,False,False
2023-04-16 00:00:00,2023,Sunday,April,Summer,Cloudy,7.17,29.0,62.9,0.0,1.56,13.81,False,False
2023-04-17 00:00:00,2023,Monday,April,Summer,Cloudy,7.25,28.7,65.08,0.0,1.58,13.82,False,False
2023-04-18 00:00:00,2023,Tuesday,April,Summer,Cloudy,7.42,29.84,62.08,0.0,1.57,13.62,False,False
2023-04-19 00:00:00,2023,Wednesday,April,Summer,Cloudy,6.94,29.63,64.31,0.0,2.23,12.85,False,False
2023-04-20 00:00:00,2023,Thursday,April,Summer,Windy,6.72,29.51,63.84,0.0,2.56,13.01,False,False
2023-04-21 00:00:00,2023,Friday,April,Summer,Rainy,5.92,29.16,65.3,0.47,2.61,10.59,False,False
2023-04-22 00:00:00,2023,Saturday,April,Summer,Rainy,5.64,29.3,67.49,3.01,2.3,13.72,False,False
2023-04-23 00:00:00,2023,Sunday,April,Summer,Rainy,5.15,29.33,68.53,1.91,2.21,10.02,False,False
2023-04-24 00:00:00,2023,Monday,April,Summer,Rainy,5.96,28.49,71.39,4.99,1.02,13.89,False,False
2023-04-25 00:00:00,2023,Tuesday,April,Summer,Rainy,4.77,27.75,72.28,3.45,1.6,9.56,False,False
2023-04-26 00:00:00,2023,Wednesday,April,Summer,Rainy,5.18,26.27,84.21,9.32,1.12,12.8,False,False
2023-04-27 00:00:00,2023,Thursday,April,Summer,Rainy,5.58,28.58,71.76,3.77,1.17,12.99,False,False
2023-04-28 00:00:00,2023,Friday,April,Summer,Rainy,5.85,28.44,69.3,3.33,1.56,14.04,False,False
2023-04-29 00:00:00,2023,Saturday,April,Summer,Rainy,5.06,27.97,76.27,14.01,1.45,9.72,False,False
2023-04-30 00:00:00,2023,Sunday,April,Summer,Rainy,5.61,27.62,77.31,5.47,1.2,10.96,False,False
2023-05-01 00:00:00,2023,Monday,May,Summer,Rainy,4.34,25.77,87.73,22.96,1.3,9.39,False,False
2023-05-02 00:00:00,2023,Tuesday,May,Summer,Rainy,5.32,26.82,82.87,12.35,2.36,10.77,False,False
2023-05-03 00:00:00,2023,Wednesday,May,Summer,Rainy,6.04,25.9,83.81,2.82,2.24,11.43,False,False
2023-05-04 00:00:00,2023,Thursday,May,Summer,Rainy,5.93,26.62,77.66,2.66,1.97,13.32,False,False
2023-05-05 00:00:00,2023,Friday,May,Summer,Rainy,5.1,25.6,79.45,1.92,1.65,11.48,False,False
2023-05-06 00:00:00,2023,Saturday,May,Summer,Rainy,5.35,26.31,77.34,5.03,2.06,9.72,False,False
2023-05-07 00:00:00,2023,Sunday,May,Summer,Rainy,4.31,25.5,79.49,1.16,2.41,8.68,False,False
2023-05-08 00:00:00,2023,Monday,May,Summer,Rainy,5.23,26.61,76.72,2.53,1.72,11.08,False,False
2023-05-09 00:00:00,2023,Tuesday,May,Summer,Rainy,5.75,27.56,73.66,2.81,2.15,11.76,False,False
2023-05-10 00:00:00,2023,Wednesday,May,Summer,Rainy,6.27,27.74,76.11,1.88,2.11,13.54,False,False
2023-05-11 00:00:00,2023,Thursday,May,Summer,Rainy,5.19,27.64,78.9,6.11,1.98,9.51,False,False
2023-05-12 00:00:00,2023,Friday,May,Summer,Rainy,5.33,26.73,77.38,1.58,1.98,12.65,False,False
2023-05-13 00:00:00,2023,Saturday,May,Summer,Rainy,4.79,27.55,73.57,0.28,2.27,11.21,False,False
2023-05-14 00:00:00,2023,Sunday,May,Summer,Humid,6.36,27.41,77.66,0.09,1.83,13.08,False,False
2023-05-15 00:00:00,2023,Monday,May,Summer,Humid,6.55,28.05,77.57,0.04,2.19,13.04,False,False
2023-05-16 00:00:00,2023,Tuesday,May,Summer,Rainy,7.06,28.88,73.4,0.69,2.19,14.4,False,False
2023-05-17 00:00:00,2023,Wednesday,May,Summer,Rainy,6.23,29.04,72.65,2.37,1.45,11.17,False,False
2023-05-18 00:00:00,2023,Thursday,May,Summer,Rainy,5.42,28.41,76.15,0.84,1.92,10.53,False,False
2023-05-19 00:00:00,2023,Friday,May,Summer,Rainy,5.59,28.04,76.64,2.05,1.96,8.07,False,False
2023-05-20 00:00:00,2023,Saturday,May,Summer,Rainy,6.1,28.04,76.37,1.69,2.21,10.46,False,False
2023-05-21 00:00:00,2023,Sunday,May,Summer,Rainy,5.75,27.63,78.95,4.57,1.8,11.74,False,False
2023-05-22 00:00:00,2023,Monday,May,Summer,Rainy,5.31,26.88,82.93,3.51,1.7,7.74,False,False
2023-05-23 00:00:00,2023,Tuesday,May,Summer,Rainy,5.8,27.85,75.57,0.78,1.78,13.11,False,False
2023-05-24 00:00:00,2023,Wednesday,May,Summer,Rainy,5.53,27.08,82.25,5.34,1.77,10.55,False,False
2023-05-25 00:00:00,2023,Thursday,May,Summer,Rainy,5.34,26.86,82.67,3.02,2.18,13.59,False,False
2023-05-26 00:00:00,2023,Friday,May,Summer,Rainy,4.97,27.51,78.13,2.46,2.4,19.79,False,True
2023-05-27 00:00:00,2023,Saturday,May,Summer,Rainy,6.76,27.19,79.48,1.25,2.59,12.82,False,False
2023-05-28 00:00:00,2023,Sunday,May,Summer,Rainy,5.3,27.54,78.96,2.08,2.46,9.16,False,False
2023-05-29 00:00:00,2023,Monday,May,Summer,Rainy,5.82,27.41,80.95,4.39,1.51,10.67,False,False
2023-05-30 00:00:00,2023,Tuesday,May,Summer,Rainy,4.46,27.12,80.85,1.69,1.74,7.98,False,False
2023-05-31 00:00:00,2023,Wednesday,May,Summer,Rainy,4.61,27.18,77.05,3.45,1.42,7.68,False,False
2023-06-01 00:00:00,2023,Thursday,June,Monsoon,Rainy,4.69,26.89,81.61,1.91,2.35,10.54,False,False
2023-06-02 00:00:00,2023,Friday,June,Monsoon,Rainy,5.09,26.8,81.16,7.12,2.07,9.65,False,False
2023-06-03 00:00:00,2023,Saturday,June,Monsoon,Rainy,5.6,27.59,77.1,3.33,1.98,11.36,False,False
2023-06-04 00:00:00,2023,Sunday,June,Monsoon,Rainy,5.25,27.17,77.44,4.29,1.98,11.96,False,False
2023-06-05 00:00:00,2023,Monday,June,Monsoon,Rainy,5.65,26.65,82.28,2.91,2.44,10.84,False,False
2023-06-06 00:00:00,2023,Tuesday,June,Monsoon,Rainy,6.56,26.99,81.11,4.06,2.06,13.9,False,False
2023-06-07 00:00:00,2023,Wednesday,June,Monsoon,Rainy,6.02,26.83,83.17,9.78,2.82,10.8,False,False
2023-06-08 00:00:00,2023,Thursday,June,Monsoon,Rainy,5.95,26.87,81.18,8.84,3.06,12.33,False,False
2023-06-09 00:00:00,2023,Friday,June,Monsoon,Rainy,5.69,26.67,82.88,5.74,2.84,7.85,False,False
2023-06-10 00:00:00,2023,Saturday,June,Monsoon,Rainy,4.87,26.27,81.67,3.67,2.66,6.7,False,False
2023-06-11 00:00:00,2023,Sunday,June,Monsoon,Rainy,4.93,26.25,83.51,4.03,2.13,8.01,False,False
2023-06-12 00:00:00,2023,Monday,June,Monsoon,Rainy,4.55,26.37,85.25,7.64,2.43,7.83,False,False
2023-06-13 00:00:00,2023,Tuesday,June,Monsoon,Rainy,5.17,26.23,84.82,9.1,2.44,6.9,False,False
2023-06-14 00:00:00,2023,Wednesday,June,Monsoon,Rainy,5.67,26.14,87.67,4.87,2.57,8.65,False,False
2023-06-15 00:00:00,2023,Thursday,June,Monsoon,Rainy,5.9,26.73,84.62,2.22,2.93,11.17,False,False
2023-06-16 00:00:00,2023,Friday,June,Monsoon,Rainy,6.56,26.99,80.44,1.33,3.56,9.14,False,False
2023-06-17 00:00:00,2023,Saturday,June,Monsoon,Rainy,5.81,25.92,87.5,14.19,2.78,11.15,False,False
2023-06-18 00:00:00,2023,Sunday,June,Monsoon,Rainy,4.82,26.05,86.52,9.94,2.51,9.64,False,False
2023-06-19 00:00:00,2023,Monday,June,Monsoon,Rainy,5.25,25.9,80.05,1.46,2.44,12.04,False,False
2023-06-20 00:00:00,2023,Tuesday,June,Monsoon,Rainy,3.68,26.1,80.64,10.93,1.99,8.48,False,False
2023-06-21 00:00:00,2023,Wednesday,June,Monsoon,Rainy,4.21,26.27,83.15,22.78,2.25,9.74,False,False
2023-06-22 00:00:00,2023,Thursday,June,Monsoon,Rainy,5.18,25.68,84.34,14.64,2.16,12.35,False,False
2023-06-23 00:00:00,2023,Friday,June,Monsoon,Rainy,4.65,25.11,80.16,1.08,2.46,8.95,False,False
2023-06-24 00:00:00,2023,Saturday,June,Monsoon,Rainy,4.84,24.94,86.35,3.54,2.0,6.92,False,False
2023-06-25 00:00:00,2023,Sunday,June,Monsoon,Rainy,4.26,24.99,86.58,14.16,2.49,7.68,False,False
2023-06-26 00:00:00,2023,Monday,June,Monsoon,Rainy,4.55,24.58,80.4,2.08,1.97,7.64,False,False
2023-06-27 00:00:00,2023,Tuesday,June,Monsoon,Rainy,3.74,24.5,86.75,17.19,1.94,4.24,False,False
2023-06-28 00:00:00,2023,Wednesday,June,Monsoon,Rainy,4.66,24.76,83.6,3.45,2.32,7.88,False,False
2023-06-29 00:00:00,2023,Thursday,June,Monsoon,Rainy,3.84,25.04,86.15,4.54,2.43,5.92,False,False
2023-06-30 00:00:00,2023,Friday,June,Monsoon,Rainy,5.31,24.63,84.11,2.46,1.85,11.14,False,False
2023-07-01 00:00:00,2023,Saturday,July,Monsoon,Rainy,4.86,25.38,87.6,5.37,2.55,9.2,False,False
2023-07-02 00:00:00,2023,Sunday,July,Monsoon,Rainy,4.63,24.17,85.82,11.02,2.84,8.37,False,False
2023-07-03 00:00:00,2023,Monday,July,Monsoon,Rainy,4.22,24.82,89.67,30.82,3.98,6.64,False,False
2023-07-04 00:00:00,2023,Tuesday,July,Monsoon,Rainy,2.89,24.75,88.75,20.21,3.95,2.9,False,True
2023-07-05 00:00:00,2023,Wednesday,July,Monsoon,Rainy,2.81,24.28,91.02,47.17,4.29,4.29,False,False
2023-07-06 00:00:00,2023,Thursday,July,Monsoon,Rainy,2.1,24.28,91.8,29.08,3.83,3.41,False,False
2023-07-07 00:00:00,2023,Friday,July,Monsoon,Rainy,2.82,24.25,90.54,28.01,2.88,4.23,False,False
2023-07-08 00:00:00,2023,Saturday,July,Monsoon,Rainy,3.32,24.44,87.33,5.48,2.24,5.07,False,False
2023-07-09 00:00:00,2023,Sunday,July,Monsoon,Rainy,4.62,24.72,87.95,7.67,1.97,9.45,False,False
2023-07-10 00:00:00,2023,Monday,July,Monsoon,Rainy,4.74,24.93,91.03,2.41,1.79,10.88,False,False
2023-07-11 00:00:00,2023,Tuesday,July,Monsoon,Rainy,2.88,24.76,90.62,3.43,1.92,4.15,False,False
2023-07-12 00:00:00,2023,Wednesday,July,Monsoon,Rainy,5.36,24.46,87.75,2.19,2.42,11.75,False,False
2023-07-13 00:00:00,2023,Thursday,July,Monsoon,Rainy,4.44,24.19,87.11,4.16,2.44,6.93,False,False
2023-07-14 00:00:00,2023,Friday,July,Monsoon,Rainy,4.7,24.29,87.83,1.58,2.81,11.66,False,False
2023-07-15 00:00:00,2023,Saturday,July,Monsoon,Rainy,4.65,24.6,88.62,0.9,2.26,8.89,False,False
2023-07-16 00:00:00,2023,Sunday,July,Monsoon,Rainy,4.88,25.0,90.19,2.59,2.31,9.75,False,False
2023-07-17 00:00:00,2023,Monday,July,Monsoon,Rainy,4.16,24.81,91.06,2.63,2.71,9.21,False,False
2023-07-18 00:00:00,2023,Tuesday,July,Monsoon,Rainy,4.83,24.82,90.8,9.9,3.56,9.65,False,False
2023-07-19 00:00:00,2023,Wednesday,July,Monsoon,Rainy,4.03,24.98,89.01,9.04,4.26,7.74,False,False
2023-07-20 00:00:00,2023,Thursday,July,Monsoon,Rainy,4.48,25.07,90.73,6.44,3.58,9.04,False,False
2023-07-21 00:00:00,2023,Friday,July,Monsoon,Rainy,4.24,24.68,90.06,7.16,4.0,10.16,False,False
2023-07-22 00:00:00,2023,Saturday,July,Monsoon,Rainy,2.88,24.5,89.35,16.26,3.92,4.95,False,False
2023-07-23 00:00:00,2023,Sunday,July,Monsoon,Rainy,2.77,23.81,91.6,28.16,3.52,4.25,False,False
2023-07-24 00:00:00,2023,Monday,July,Monsoon,Rainy,2.37,23.49,92.92,26.63,2.97,3.17,False,False
2023-07-25 00:00:00,2023,Tuesday,July,Monsoon,Rainy,2.53,23.22,92.28,11.83,2.49,3.95,False,False
2023-07-26 00:00:00,2023,Wednesday,July,Monsoon,Rainy,2.42,23.43,90.87,14.42,3.32,0.39,False,True
2023-07-27 00:00:00,2023,Thursday,July,Monsoon,Rainy,4.01,23.86,90.73,3.7,3.07,7.46,False,False
2023-07-28 00:00:00,2023,Friday,July,Monsoon,Rainy,4.05,24.1,89.44,2.09,3.04,8.53,False,False
2023-07-29 00:00:00,2023,Saturday,July,Monsoon,Rainy,4.54,24.44,89.52,0.58,3.37,9.54,False,False
2023-07-30 00:00:00,2023,Sunday,July,Monsoon,Rainy,4.76,24.55,89.15,0.3,3.2,10.58,False,False
2023-07-31 00:00:00,2023,Monday,July,Monsoon,Rainy,4.96,24.74,88.95,0.94,3.31,10.9,False,False
2023-08-01 00:00:00,2023,Tuesday,August,Monsoon,Rainy,5.59,24.67,88.86,0.61,3.08,10.98,False,False
2023-08-02 00:00:00,2023,Wednesday,August,Monsoon,Rainy,5.62,24.38,89.23,1.39,2.91,12.2,False,False
2023-08-03 00:00:00,2023,Thursday,August,Monsoon,Rainy,5.02,24.57,89.39,1.73,3.1,11.74,False,False
2023-08-04 00:00:00,2023,Friday,August,Monsoon,Rainy,4.93,24.9,89.45,1.79,3.01,11.0,False,False
2023-08-05 00:00:00,2023,Saturday,August,Monsoon,Rainy,4.82,25.07,87.23,1.08,3.32,11.98,False,False
2023-08-06 00:00:00,2023,Sunday,August,Monsoon,Rainy,5.35,25.05,88.89,1.5,2.8,12.95,False,False
2023-08-07 00:00:00,2023,Monday,August,Monsoon,Rainy,5.34,25.11,89.03,0.66,2.65,13.29,False,False
2023-08-08 00:00:00,2023,Tuesday,August,Monsoon,Rainy,4.69,24.81,89.41,2.26,2.31,9.11,False,False
2023-08-09 00:00:00,2023,Wednesday,August,Monsoon,Rainy,5.47,24.95,88.55,1.74,2.14,12.87,False,False
2023-08-10 00:00:00,2023,Thursday,August,Monsoon,Rainy,4.8,24.79,91.05,8.57,2.02,9.73,False,False
2023-08-11 00:00:00,2023,Friday,August,Monsoon,Rainy,4.75,25.43,89.04,5.58,2.26,10.39,False,False
2023-08-12 00:00:00,2023,Saturday,August,Monsoon,Rainy,4.87,25.19,87.95,3.17,2.78,10.53,False,False
2023-08-13 00:00:00,2023,Sunday,August,Monsoon,Rainy,5.35,25.0,87.72,1.03,2.6,13.51,False,False
2023-08-14 00:00:00,2023,Monday,August,Monsoon,Humid,5.59,24.6,87.38,0.06,2.43,11.28,False,False
2023-08-15 00:00:00,2023,Tuesday,August,Monsoon,Humid,6.78,24.41,86.62,0.03,2.18,14.12,False,False
2023-08-16 00:00:00,2023,Wednesday,August,Monsoon,Humid,6.94,24.77,86.02,0.06,2.02,14.34,False,False
2023-08-17 00:00:00,2023,Thursday,August,Monsoon,Rainy,5.58,24.83,87.84,0.43,2.44,12.48,False,False
2023-08-18 00:00:00,2023,Friday,August,Monsoon,Rainy,5.51,24.56,88.14,0.85,2.6,10.51,False,False
2023-08-19 00:00:00,2023,Saturday,August,Monsoon,Rainy,4.18,24.75,88.14,1.43,2.96,6.27,False,False
2023-08-20 00:00:00,2023,Sunday,August,Monsoon,Rainy,5.1,25.29,87.24,0.87,2.87,9.65,False,False
2023-08-21 00:00:00,2023,Monday,August,Monsoon,Rainy,6.45,25.56,85.57,0.3,2.59,13.94,False,False
2023-08-22 00:00:00,2023,Tuesday,August,Monsoon,Rainy,5.4,25.58,86.38,4.2,2.39,12.74,False,False
2023-08-23 00:00:00,2023,Wednesday,August,Monsoon,Rainy,6.1,25.34,86.22,3.02,2.33,14.09,False,False
2023-08-24 00:00:00,2023,Thursday,August,Monsoon,Rainy,6.13,25.13,86.25,0.5,2.3,8.2,False,False
2023-08-25 00:00:00,2023,Friday,August,Monsoon,Humid,6.68,24.77,85.01,0.0,1.86,13.75,False,False
2023-08-26 00:00:00,2023,Saturday,August,Monsoon,Humid,6.1,25.44,84.7,0.08,1.93,14.64,False,False
2023-08-27 00:00:00,2023,Sunday,August,Monsoon,Humid,5.54,25.49,84.83,0.1,2.1,9.73,False,False
2023-08-28 00:00:00,2023,Monday,August,Monsoon,Rainy,6.18,25.77,83.32,0.26,2.08,11.08,False,False
2023-08-29 00:00:00,2023,Tuesday,August,Monsoon,Rainy,5.56,25.5,85.62,5.99,2.53,13.29,False,False
2023-08-30 00:00:00,2023,Wednesday,August,Monsoon,Rainy,6.29,24.95,89.94,7.41,2.81,12.76,False,False
2023-08-31 00:00:00,2023,Thursday,August,Monsoon,Rainy,4.77,25.46,86.94,4.5,2.19,12.5,False,False
2023-09-01 00:00:00,2023,Friday,September,Monsoon,Rainy,5.56,25.5,87.07,7.9,2.03,13.46,False,False
2023-09-02 00:00:00,2023,Saturday,September,Monsoon,Rainy,4.87,24.97,88.13,9.61,2.49,7.18,False,False
2023-09-03 00:00:00,2023,Sunday,September,Monsoon,Rainy,5.38,24.11,86.34,7.09,2.79,11.31,False,False
2023-09-04 00:00:00,2023,Monday,September,Monsoon,Rainy,4.87,23.55,87.97,1.96,2.75,8.45,False,False
2023-09-05 00:00:00,2023,Tuesday,September,Monsoon,Rainy,3.62,23.72,88.83,11.83,2.62,5.83,False,False
2023-09-06 00:00:00,2023,Wednesday,September,Monsoon,Rainy,4.46,24.01,87.65,18.35,1.85,7.96,False,False
2023-09-07 00:00:00,2023,Thursday,September,Monsoon,Rainy,3.69,24.1,87.63,12.14,1.95,6.12,False,False
2023-09-08 00:00:00,2023,Friday,September,Monsoon,Rainy,4.05,24.36,87.75,4.24,2.25,4.65,False,False
2023-09-09 00:00:00,2023,Saturday,September,Monsoon,Rainy,4.29,24.77,89.35,4.43,2.76,6.37,False,False
2023-09-10 00:00:00,2023,Sunday,September,Monsoon,Rainy,4.32,23.91,85.45,14.12,3.3,7.18,False,False
2023-09-11 00:00:00,2023,Monday,September,Monsoon,Rainy,4.31,23.99,85.55,8.45,2.6,8.75,False,False
2023-09-12 00:00:00,2023,Tuesday,September,Monsoon,Rainy,5.63,24.37,88.7,2.45,2.38,10.67,False,False
2023-09-13 00:00:00,2023,Wednesday,September,Monsoon,Rainy,5.03,25.02,88.71,2.64,2.46,12.23,False,False
2023-09-14 00:00:00,2023,Thursday,September,Monsoon,Rainy,4.22,24.4,91.14,12.11,2.19,8.33,False,False
2023-09-15 00:00:00,2023,Friday,September,Monsoon,Rainy,4.25,23.54,89.84,11.4,2.16,5.93,False,False
2023-09-16 00:00:00,2023,Saturday,September,Monsoon,Rainy,3.99,24.27,89.91,11.54,2.26,8.09,False,False
2023-09-17 00:00:00,2023,Sunday,September,Monsoon,Rainy,4.08,24.66,89.25,15.83,1.85,19.17,False,True
2023-09-18 00:00:00,2023,Monday,September,Monsoon,Rainy,4.84,24.76,89.39,16.19,1.94,9.36,False,False
2023-09-19 00:00:00,2023,Tuesday,September,Monsoon,Rainy,5.12,25.01,89.42,11.31,2.15,10.14,False,False
2023-09-20 00:00:00,2023,Wednesday,September,Monsoon,Rainy,5.55,24.63,88.84,2.77,1.84,13.92,False,False
2023-09-21 00:00:00,2023,Thursday,September,Monsoon,Rainy,4.75,24.36,87.98,8.34,1.62,10.9,False,False
2023-09-22 00:00:00,2023,Friday,September,Monsoon,Rainy,5.1,24.45,90.57,9.78,2.0,10.54,False,False
2023-09-23 00:00:00,2023,Saturday,September,Monsoon,Rainy,4.86,24.38,89.74,10.32,2.19,8.46,False,False
2023-09-24 00:00:00,2023,Sunday,September,Monsoon,Rainy,5.19,24.28,90.97,3.54,2.19,11.26,False,False
2023-09-25 00:00:00,2023,Monday,September,Monsoon,Rainy,5.1,24.65,87.77,1.62,2.35,11.52,False,False
2023-09-26 00:00:00,2023,Tuesday,September,Monsoon,Rainy,4.81,24.83,87.56,2.91,2.16,7.05,False,False
2023-09-27 00:00:00,2023,Wednesday,September,Monsoon,Rainy,5.01,24.66,84.67,2.93,2.37,13.06,False,False
2023-09-28 00:00:00,2023,Thursday,September,Monsoon,Rainy,3.99,24.24,88.15,15.02,2.46,5.39,False,False
2023-09-29 00:00:00,2023,Friday,September,Monsoon,Rainy,3.04,23.8,91.65,16.0,2.59,6.13,False,False
2023-09-30 00:00:00,2023,Saturday,September,Monsoon,Rainy,3.27,24.5,90.17,26.76,2.86,4.05,False,False
2023-10-01 00:00:00,2023,Sunday,October,Postmonsoon,Rainy,3.49,25.14,91.67,19.71,2.94,3.4,False,False
2023-10-02 00:00:00,2023,Monday,October,Postmonsoon,Rainy,4.6,24.83,90.82,9.52,2.32,8.34,False,False
2023-10-03 00:00:00,2023,Tuesday,October,Postmonsoon,Rainy,6.47,25.06,86.41,0.58,1.65,14.13,False,False
2023-10-04 00:00:00,2023,Wednesday,October,Postmonsoon,Humid,6.23,24.97,85.91,0.06,1.75,14.41,False,False
2023-10-05 00:00:00,2023,Thursday,October,Postmonsoon,Humid,6.62,24.39,84.05,0.03,2.21,15.52,False,False
2023-10-06 00:00:00,2023,Friday,October,Postmonsoon,Humid,6.42,23.83,81.04,0.02,1.84,15.15,False,False
2023-10-07 00:00:00,2023,Saturday,October,Postmonsoon,Humid,5.86,24.28,80.49,0.1,1.62,14.31,False,False
2023-10-08 00:00:00,2023,Sunday,October,Postmonsoon,Rainy,4.26,24.9,82.34,3.93,1.43,10.61,False,False
2023-10-09 00:00:00,2023,Monday,October,Postmonsoon,Rainy,4.25,25.12,85.43,7.93,1.61,12.38,False,False
2023-10-10 00:00:00,2023,Tuesday,October,Postmonsoon,Rainy,4.18,24.88,84.25,8.2,1.76,8.93,False,False
2023-10-11 00:00:00,2023,Wednesday,October,Postmonsoon,Rainy,3.4,24.14,86.9,11.96,1.81,6.16,False,False
2023-10-12 00:00:00,2023,Thursday,October,Postmonsoon,Rainy,3.69,24.06,90.18,5.04,1.55,5.37,False,False
2023-10-13 00:00:00,2023,Friday,October,Postmonsoon,Rainy,5.64,25.01,87.5,4.69,1.2,12.25,False,False
2023-10-14 00:00:00,2023,Saturday,October,Postmonsoon,Rainy,4.55,24.98,88.32,26.6,1.46,12.24,False,False
2023-10-15 00:00:00,2023,Sunday,October,Postmonsoon,Rainy,4.5,24.02,93.64,32.19,1.89,12.06,False,False
2023-10-16 00:00:00,2023,Monday,October,Postmonsoon,Rainy,4.15,24.92,84.43,4.86,1.4,11.08,False,False
2023-10-17 00:00:00,2023,Tuesday,October,Postmonsoon,Rainy,4.74,24.02,85.56,9.68,1.2,8.89,False,False
2023-10-18 00:00:00,2023,Wednesday,October,Postmonsoon,Rainy,5.04,25.38,83.35,2.32,1.36,10.36,False,False
2023-10-19 00:00:00,2023,Thursday,October,Postmonsoon,Rainy,4.64,25.7,84.45,2.47,1.01,9.57,False,False
2023-10-20 00:00:00,2023,Friday,October,Postmonsoon,Rainy,5.3,25.61,84.0,2.52,1.1,9.01,False,False
2023-10-21 00:00:00,2023,Saturday,October,Postmonsoon,Rainy,4.74,25.69,82.97,1.44,1.22,9.77,False,False
2023-10-22 00:00:00,2023,Sunday,October,Postmonsoon,Rainy,4.33,25.62,84.14,1.01,1.26,9.69,False,False
2023-10-23 00:00:00,2023,Monday,October,Postmonsoon,Rainy,4.73,25.11,86.39,1.5,1.37,10.39,False,False
2023-10-24 00:00:00,2023,Tuesday,October,Postmonsoon,Rainy,5.63,25.58,82.61,2.19,1.21,12.68,False,False
2023-10-25 00:00:00,2023,Wednesday,October,Postmonsoon,Rainy,5.2,25.21,85.86,30.39,1.2,0.88,False,True
2023-10-26 00:00:00,2023,Thursday,October,Postmonsoon,Rainy,5.42,25.65,85.16,9.19,1.25,11.7,False,False
2023-10-27 00:00:00,2023,Friday,October,Postmonsoon,Rainy,4.38,25.44,85.66,0.95,1.29,10.57,False,False
2023-10-28 00:00:00,2023,Saturday,October,Postmonsoon,Rainy,4.55,25.44,85.48,1.34,1.01,10.13,False,False
2023-10-29 00:00:00,2023,Sunday,October,Postmonsoon,Rainy,4.01,24.83,87.41,3.84,1.07,5.52,False,False
2023-10-30 00:00:00,2023,Monday,October,Postmonsoon,Rainy,4.13,24.25,88.13,6.89,1.29,7.66,False,False
2023-10-31 00:00:00,2023,Tuesday,October,Postmonsoon,Rainy,4.16,24.68,85.51,8.84,1.21,8.46,False,False
2023-11-01 00:00:00,2023,Wednesday,November,Postmonsoon,Rainy,4.78,24.95,87.8,22.15,1.39,11.65,False,False
2023-11-02 00:00:00,2023,Thursday,November,Postmonsoon,Rainy,4.77,25.6,85.67,10.63,1.54,9.21,False,False
2023-11-03 00:00:00,2023,Friday,November,Postmonsoon,Rainy,4.61,25.61,87.32,8.38,0.76,9.76,False,False
2023-11-04 00:00:00,2023,Saturday,November,Postmonsoon,Rainy,3.12,24.69,90.89,49.89,1.09,3.9,False,False
2023-11-05 00:00:00,2023,Sunday,November,Postmonsoon,Rainy,3.68,23.42,93.04,5.91,1.55,6.3,False,False
2023-11-06 00:00:00,2023,Monday,November,Postmonsoon,Rainy,4.28,24.85,84.83,3.57,1.32,9.92,False,False
2023-11-07 00:00:00,2023,Tuesday,November,Postmonsoon,Rainy,4.73,24.8,88.52,9.93,1.36,10.46,False,False
2023-11-08 00:00:00,2023,Wednesday,November,Postmonsoon,Rainy,4.32,24.96,86.95,22.57,1.27,9.51,False,False
2023-11-09 00:00:00,2023,Thursday,November,Postmonsoon,Rainy,3.58,24.55,87.28,15.43,0.86,7.34,False,False
2023-11-10 00:00:00,2023,Friday,November,Postmonsoon,Rainy,4.34,24.87,83.96,3.22,1.58,11.22,False,False
2023-11-11 00:00:00,2023,Saturday,November,Postmonsoon,Rainy,5.31,25.03,84.03,0.67,1.69,9.46,False,False
2023-11-12 00:00:00,2023,Sunday,November,Postmonsoon,Rainy,5.05,24.37,78.42,0.22,1.65,10.51,False,False
2023-11-13 00:00:00,2023,Monday,November,Postmonsoon,Humid,5.41,24.36,78.96,0.17,1.56,12.48,False,False
2023-11-14 00:00:00,2023,Tuesday,November,Postmonsoon,Rainy,4.26,23.99,80.95,1.46,1.71,8.74,False,False
2023-11-15 00:00:00,2023,Wednesday,November,Postmonsoon,Rainy,4.48,24.41,75.48,0.43,1.24,9.71,False,False
2023-11-16 00:00:00,2023,Thursday,November,Postmonsoon,Rainy,4.02,25.15,84.21,0.46,1.01,6.19,False,False
2023-11-17 00:00:00,2023,Friday,November,Postmonsoon,Rainy,4.13,25.9,85.21,1.9,1.21,10.58,False,False
2023-11-18 00:00:00,2023,Saturday,November,Postmonsoon,Rainy,4.16,25.75,85.71,2.84,1.22,8.7,False,False
2023-11-19 00:00:00,2023,Sunday,November,Postmonsoon,Rainy,5.31,24.99,84.91,2.36,2.11,10.45,False,False
2023-11-20 00:00:00,2023,Monday,November,Postmonsoon,Humid,5.56,25.29,81.11,0.08,1.22,12.27,False,False
2023-11-21 00:00:00,2023,Tuesday,November,Postmonsoon,Rainy,4.93,25.54,85.7,6.46,1.22,11.65,False,False
2023-11-22 00:00:00,2023,Wednesday,November,Postmonsoon,Rainy,3.79,24.59,95.45,32.92,1.84,8.34,False,False
2023-11-23 00:00:00,2023,Thursday,November,Postmonsoon,Rainy,2.89,23.97,92.55,12.24,1.24,5.94,False,False
2023-11-24 00:00:00,2023,Friday,November,Postmonsoon,Rainy,3.52,24.25,88.67,3.75,1.84,7.67,False,False
2023-11-25 00:00:00,2023,Saturday,November,Postmonsoon,Rainy,4.54,25.05,86.34,3.3,1.86,11.22,False,False
2023-11-26 00:00:00,2023,Sunday,November,Postmonsoon,Rainy,4.3,24.89,86.19,2.93,2.86,11.49,False,False
2023-11-27 00:00:00,2023,Monday,November,Postmonsoon,Rainy,5.44,25.15,84.24,1.51,2.16,12.55,False,False
2023-11-28 00:00:00,2023,Tuesday,November,Postmonsoon,Rainy,5.27,24.89,85.39,1.11,1.61,12.44,False,False
2023-11-29 00:00:00,2023,Wednesday,November,Postmonsoon,Rainy,4.2,24.61,86.34,1.44,1.79,9.26,False,False
2023-11-30 00:00:00,2023,Thursday,November,Postmonsoon,Rainy,3.89,24.7,84.11,0.97,2.08,8.91,False,False
2023-12-01 00:00:00,2023,Friday,December,Winter,Rainy,4.32,25.26,84.29,0.62,1.21,9.89,False,False
2023-12-02 00:00:00,2023,Saturday,December,Winter,Rainy,4.95,25.21,83.1,0.37,1.33,9.56,False,False
2023-12-03 00:00:00,2023,Sunday,December,Winter,Rainy,3.35,25.87,85.66,2.93,1.48,9.46,False,False
2023-12-04 00:00:00,2023,Monday,December,Winter,Rainy,3.07,25.89,84.14,0.83,1.66,8.07,False,False
2023-12-05 00:00:00,2023,Tuesday,December,Winter,Humid,4.39,25.42,86.24,0.01,1.44,9.45,False,False
2023-12-06 00:00:00,2023,Wednesday,December,Winter,Humid,4.94,25.51,83.67,0.01,1.2,11.29,False,False
2023-12-07 00:00:00,2023,Thursday,December,Winter,Rainy,4.29,25.04,84.88,4.98,0.93,10.52,False,False
2023-12-08 00:00:00,2023,Friday,December,Winter,Rainy,3.57,24.47,89.81,22.55,0.67,8.29,False,False
2023-12-09 00:00:00,2023,Saturday,December,Winter,Rainy,3.6,24.4,90.59,22.94,1.38,9.06,False,False
2023-12-10 00:00:00,2023,Sunday,December,Winter,Rainy,3.81,25.02,85.63,3.41,1.87,9.31,False,False
2023-12-11 00:00:00,2023,Monday,December,Winter,Rainy,3.55,24.58,83.74,1.92,2.19,9.0,False,False
2023-12-12 00:00:00,2023,Tuesday,December,Winter,Rainy,3.74,24.26,85.64,0.77,1.76,9.09,False,False
2023-12-13 00:00:00,2023,Wednesday,December,Winter,Humid,3.5,24.21,83.69,0.04,2.11,11.38,False,False
2023-12-14 00:00:00,2023,Thursday,December,Winter,Humid,4.67,23.45,80.76,0.02,2.64,11.46,False,False
2023-12-15 00:00:00,2023,Friday,December,Winter,Humid,4.82,23.96,82.68,0.05,1.78,10.45,False,False
2023-12-16 00:00:00,2023,Saturday,December,Winter,Rainy,4.59,25.39,83.27,2.07,1.28,9.27,False,False
2023-12-17 00:00:00,2023,Sunday,December,Winter,Rainy,2.77,24.19,88.94,9.68,2.58,3.83,False,False
2023-12-18 00:00:00,2023,Monday,December,Winter,Rainy,2.12,22.85,90.06,3.96,3.03,5.48,False,False
2023-12-19 00:00:00,2023,Tuesday,December,Winter,Rainy,4.25,22.59,85.11,0.95,3.13,11.37,False,False
2023-12-20 00:00:00,2023,Wednesday,December,Winter,Rainy,4.55,23.74,81.84,0.44,2.68,9.87,False,False
2023-12-21 00:00:00,2023,Thursday,December,Winter,Rainy,4.03,24.18,85.91,0.53,2.57,8.05,False,False
2023-12-22 00:00:00,2023,Friday,December,Winter,Humid,4.33,24.89,84.66,0.11,1.75,10.81,False,False
2023-12-23 00:00:00,2023,Saturday,December,Winter,Humid,4.69,23.8,83.37,0.0,2.64,7.04,False,False
2023-12-24 00:00:00,2023,Sunday,December,Winter,Humid,5.42,22.51,81.43,0.02,2.54,11.41,False,False
2023-12-25 00:00:00,2023,Monday,December,Winter,Rainy,4.06,24.67,84.42,0.24,2.81,8.95,False,False
2023-12-26 00:00:00,2023,Tuesday,December,Winter,Humid,6.01,23.29,79.59,0.02,3.0,11.92,False,False
2023-12-27 00:00:00,2023,Wednesday,December,Winter,Humid,6.09,22.94,79.61,0.0,2.95,8.85,False,False
2023-12-28 00:00:00,2023,Thursday,December,Winter,Humid,4.75,23.99,81.86,0.04,3.04,9.73,False,False
2023-12-29 00:00:00,2023,Friday,December,Winter,Rainy,3.97,24.42,82.66,0.39,3.07,9.81,False,False
2023-12-30 00:00:00,2023,Saturday,December,Winter,Rainy,4.8,23.69,82.59,0.57,3.12,7.01,False,False
2023-12-31 00:00:00,2023,Sunday,December,Winter,Humid,5.35,23.31,77.65,0.01,2.85,11.72,False,False
2024-01-01 00:00:00,2024,Monday,January,Winter,Rainy,3.93,24.04,77.41,0.52,2.01,7.67,False,False
2024-01-02 00:00:00,2024,Tuesday,January,Winter,Rainy,4.04,24.08,80.0,2.57,2.08,9.89,False,False
2024-01-03 00:00:00,2024,Wednesday,January,Winter,Rainy,2.42,23.96,81.98,4.67,1.64,7.13,False,False
2024-01-04 00:00:00,2024,Thursday,January,Winter,Rainy,2.28,24.14,86.9,15.64,1.62,0.47,False,True
2024-01-05 00:00:00,2024,Friday,January,Winter,Rainy,3.12,24.25,87.87,16.08,1.82,8.37,False,False
2024-01-06 00:00:00,2024,Saturday,January,Winter,Rainy,3.81,23.68,86.34,4.44,2.55,10.7,False,False
2024-01-07 00:00:00,2024,Sunday,January,Winter,Rainy,3.15,24.15,83.65,1.44,2.2,8.39,False,False
2024-01-08 00:00:00,2024,Monday,January,Winter,Rainy,3.46,23.96,87.37,6.42,2.18,8.23,False,False
2024-01-09 00:00:00,2024,Tuesday,January,Winter,Rainy,2.4,23.98,87.24,14.06,2.75,4.79,False,False
2024-01-10 00:00:00,2024,Wednesday,January,Winter,Rainy,3.88,23.54,81.14,0.26,2.73,9.39,False,False
2024-01-11 00:00:00,2024,Thursday,January,Winter,Humid,5.33,23.48,78.75,0.0,3.03,11.65,False,False
2024-01-12 00:00:00,2024,Friday,January,Winter,Humid,5.97,23.19,78.71,0.0,3.37,12.52,False,False
2024-01-13 00:00:00,2024,Saturday,January,Winter,Humid,5.27,23.54,78.42,0.0,2.6,11.81,False,False
2024-01-14 00:00:00,2024,Sunday,January,Winter,Humid,5.16,24.58,77.48,0.0,1.92,12.23,False,False
2024-01-15 00:00:00,2024,Monday,January,Winter,Humid,5.17,24.2,75.03,0.0,1.7,10.28,False,False
2024-01-16 00:00:00,2024,Tuesday,January,Winter,Humid,6.27,23.59,77.1,0.01,1.81,11.1,False,False
2024-01-17 00:00:00,2024,Wednesday,January,Winter,Humid,5.06,24.07,75.64,0.05,1.44,9.87,False,False
2024-01-18 00:00:00,2024,Thursday,January,Winter,Cool,4.81,24.0,71.84,0.02,1.38,7.67,False,False
2024-01-19 00:00:00,2024,Friday,January,Winter,Humid,5.32,24.6,75.6,0.06,1.44,11.5,False,False
2024-01-20 00:00:00,2024,Saturday,January,Winter,Rainy,4.68,25.51,77.89,0.46,1.69,10.56,False,False
2024-01-21 00:00:00,2024,Sunday,January,Winter,Cloudy,5.49,25.57,74.15,0.09,1.97,11.83,False,False
2024-01-22 00:00:00,2024,Monday,January,Winter,Cloudy,5.47,25.68,73.47,0.0,1.87,11.49,False,False
2024-01-23 00:00:00,2024,Tuesday,January,Winter,Cloudy,5.32,25.36,73.44,0.01,1.82,10.24,False,False
2024-01-24 00:00:00,2024,Wednesday,January,Winter,Rainy,5.25,25.07,76.65,0.58,1.47,11.5,False,False
2024-01-25 00:00:00,2024,Thursday,January,Winter,Cloudy,5.18,25.25,74.05,0.02,1.56,11.25,False,False
2024-01-26 00:00:00,2024,Friday,January,Winter,Cool,6.05,24.83,68.05,0.0,1.96,12.44,False,False
2024-01-27 00:00:00,2024,Saturday,January,Winter,Cool,6.21,24.52,67.38,0.0,2.29,8.45,False,False
2024-01-30 00:00:00,2024,Tuesday,January,Winter,Cool,6.02,24.75,66.9,0.0,2.28,12.05,False,False
2024-01-31 00:00:00,2024,Wednesday,January,Winter,Cloudy,6.0,25.35,72.72,0.0,1.86,12.93,False,False
2024-02-01 00:00:00,2024,Thursday,February,Winter,Cloudy,5.97,25.45,70.49,0.0,2.01,13.18,False,False
2024-02-02 00:00:00,2024,Friday,February,Winter,Cloudy,4.97,25.61,72.58,0.01,1.78,12.08,False,False
2024-02-03 00:00:00,2024,Saturday,February,Winter,Cloudy,5.24,26.56,72.09,0.11,1.26,6.43,False,False
2024-02-04 00:00:00,2024,Sunday,February,Winter,Cloudy,5.91,26.42,65.87,0.0,1.8,11.06,False,False
2024-02-05 00:00:00,2024,Monday,February,Winter,Cloudy,6.58,25.69,61.91,0.0,2.16,12.64,False,False
2024-02-06 00:00:00,2024,Tuesday,February,Winter,Cloudy,6.74,25.52,61.15,0.0,2.17,13.26,False,False
2024-02-07 00:00:00,2024,Wednesday,February,Winter,Cloudy,6.83,25.87,60.49,0.0,1.94,12.86,False,False
2024-02-08 00:00:00,2024,Thursday,February,Winter,Cloudy,6.13,26.15,58.78,0.0,1.84,12.12,False,False
2024-02-09 00:00:00,2024,Friday,February,Winter,Cloudy,6.51,25.85,60.22,0.0,2.22,12.68,False,False
2024-02-10 00:00:00,2024,Saturday,February,Winter,Cloudy,6.44,25.72,61.57,0.0,2.36,12.05,False,False
2024-02-11 00:00:00,2024,Sunday,February,Winter,Cloudy,6.58,26.38,61.99,0.0,2.37,12.85,False,False
2024-02-12 00:00:00,2024,Monday,February,Winter,Windy,6.97,25.95,58.44,0.0,2.71,11.75,False,False
2024-02-13 00:00:00,2024,Tuesday,February,Winter,Cloudy,6.89,25.89,58.72,0.0,2.34,11.91,False,False
2024-02-14 00:00:00,2024,Wednesday,February,Winter,Cloudy,6.4,26.93,63.24,0.0,2.01,11.3,False,False
2024-02-15 00:00:00,2024,Thursday,February,Winter,Windy,6.82,26.39,57.82,0.0,2.54,12.48,False,False
2024-02-16 00:00:00,2024,Friday,February,Winter,Windy,6.87,26.74,58.42,0.0,2.65,12.81,False,False
2024-02-17 00:00:00,2024,Saturday,February,Winter,Cloudy,6.72,27.45,58.19,0.0,2.34,12.42,False,False
2024-02-18 00:00:00,2024,Sunday,February,Winter,Cloudy,6.69,27.44,54.83,0.0,1.82,12.23,False,False
2024-02-19 00:00:00,2024,Monday,February,Winter,Cloudy,6.36,27.51,59.02,0.0,2.05,11.57,False,False
2024-02-20 00:00:00,2024,Tuesday,February,Winter,Cloudy,5.97,28.1,61.87,0.11,1.89,8.84,False,False
2024-02-21 00:00:00,2024,Wednesday,February,Winter,Rainy,6.04,28.22,64.8,0.27,2.08,11.62,False,False
2024-02-22 00:00:00,2024,Thursday,February,Winter,Cloudy,5.84,27.34,62.28,0.0,2.47,11.44,False,False
2024-02-23 00:00:00,2024,Friday,February,Winter,Cloudy,6.56,27.36,62.54,0.0,2.27,12.61,False,False
2024-02-24 00:00:00,2024,Saturday,February,Winter,Cloudy,5.55,27.4,63.2,0.0,2.29,12.28,False,False
2024-02-25 00:00:00,2024,Sunday,February,Winter,Cloudy,5.81,28.04,62.71,0.0,1.04,19.41,False,True
2024-02-26 00:00:00,2024,Monday,February,Winter,Windy,6.82,28.15,53.18,0.0,2.75,11.98,False,False
2024-02-27 00:00:00,2024,Tuesday,February,Winter,Cloudy,6.88,28.62,55.62,0.0,2.46,12.21,False,False
2024-02-28 00:00:00,2024,Wednesday,February,Winter,Cloudy,7.13,28.68,54.22,0.0,2.19,11.4,False,False
2024-02-29 00:00:00,2024,Thursday,February,Winter,Cloudy,7.14,28.55,50.9,0.0,2.03,11.51,False,False
2024-03-01 00:00:00,2024,Friday,March,Summer,Cloudy,7.01,27.62,50.13,0.0,2.35,11.09,False,False
2024-03-02 00:00:00,2024,Saturday,March,Summer,Clear,5.96,27.76,47.91,0.0,2.14,9.68,False,False
2024-03-03 00:00:00,2024,Sunday,March,Summer,Cloudy,6.61,28.2,58.15,0.0,1.76,11.93,False,False
2024-03-04 00:00:00,2024,Monday,March,Summer,Cloudy,6.71,28.77,59.33,0.0,1.86,11.67,False,False
2024-03-05 00:00:00,2024,Tuesday,March,Summer,Cloudy,6.83,29.16,56.36,0.0,1.74,11.5,False,False
2024-03-06 00:00:00,2024,Wednesday,March,Summer,Cloudy,6.07,29.03,58.15,0.0,2.27,11.29,False,False
2024-03-07 00:00:00,2024,Thursday,March,Summer,Cloudy,6.72,28.88,58.18,0.0,1.54,11.89,False,False
2024-03-08 00:00:00,2024,Friday,March,Summer,Cloudy,5.71,28.63,59.13,0.0,2.04,10.35,False,False
2024-03-09 00:00:00,2024,Saturday,March,Summer,Cloudy,5.85,29.11,58.21,0.0,1.99,11.46,False,False
2024-03-10 00:00:00,2024,Sunday,March,Summer,Cloudy,5.68,29.35,57.23,0.0,1.8,9.88,False,False
2024-03-11 00:00:00,2024,Monday,March,Summer,Cloudy,5.86,29.53,54.28,0.0,1.34,9.43,False,False
2024-03-12 00:00:00,2024,Tuesday,March,Summer,Cloudy,6.3,29.7,55.91,0.01,1.32,10.61,False,False
2024-03-13 00:00:00,2024,Wednesday,March,Summer,Rainy,5.83,28.88,64.21,0.36,2.23,7.97,False,False
2024-03-14 00:00:00,2024,Thursday,March,Summer,Rainy,5.52,28.74,66.66,0.51,2.38,9.63,False,False
2024-03-15 00:00:00,2024,Friday,March,Summer,Cloudy,5.52,29.1,64.08,0.05,2.17,9.83,False,False
2024-03-16 00:00:00,2024,Saturday,March,Summer,Cloudy,5.95,29.45,58.76,0.02,1.51,10.67,False,False
2024-03-17 00:00:00,2024,Sunday,March,Summer,Cloudy,6.76,29.33,54.24,0.0,1.86,11.32,False,False
2024-03-18 00:00:00,2024,Monday,March,Summer,Cloudy,6.73,29.32,57.35,0.04,1.51,10.96,False,False
2024-03-19 00:00:00,2024,Tuesday,March,Summer,Cloudy,6.67,29.67,53.01,0.01,1.27,10.89,False,False
2024-03-20 00:00:00,2024,Wednesday,March,Summer,Cloudy,6.67,29.6,55.81,0.04,1.67,10.33,False,False
2024-03-21 00:00:00,2024,Thursday,March,Summer,Rainy,6.47,29.74,55.76,0.22,1.68,9.91,False,False
2024-03-22 00:00:00,2024,Friday,March,Summer,Cloudy,5.8,30.23,56.43,0.13,1.69,10.03,False,False
2024-03-23 00:00:00,2024,Saturday,March,Summer,Rainy,6.36,30.06,60.68,0.73,1.73,8.61,False,False
2024-03-24 00:00:00,2024,Sunday,March,Summer,Rainy,6.75,30.31,53.34,0.27,1.38,10.09,False,False
2024-03-25 00:00:00,2024,Monday,March,Summer,Hot & Sunny,6.94,30.45,47.01,0.03,1.54,11.19,False,False
2024-03-26 00:00:00,2024,Tuesday,March,Summer,Rainy,6.96,30.39,46.32,0.29,1.24,10.04,False,False
2024-03-27 00:00:00,2024,Wednesday,March,Summer,Hot & Sunny,7.34,30.28,50.36,0.04,1.25,11.1,False,False
2024-03-28 00:00:00,2024,Thursday,March,Summer,Hot & Sunny,7.26,30.25,55.21,0.15,1.82,9.44,False,False
2024-03-29 00:00:00,2024,Friday,March,Summer,Rainy,6.57,30.7,59.86,0.33,1.72,10.47,False,False
2024-03-30 00:00:00,2024,Saturday,March,Summer,Hot & Sunny,7.2,30.83,58.75,0.05,1.95,9.21,False,False
2024-03-31 00:00:00,2024,Sunday,March,Summer,Hot & Sunny,7.17,30.23,60.73,0.04,1.94,8.71,False,False
2024-04-01 00:00:00,2024,Monday,April,Summer,Hot & Sunny,7.18,30.25,61.47,0.02,2.21,10.42,False,False
2024-04-02 00:00:00,2024,Tuesday,April,Summer,Hot & Sunny,7.01,30.29,63.58,0.07,2.21,10.16,False,False
2024-04-03 00:00:00,2024,Wednesday,April,Summer,Hot & Sunny,6.43,30.11,65.43,0.19,2.37,9.67,False,False
2024-04-04 00:00:00,2024,Thursday,April,Summer,Rainy,7.09,30.92,61.07,0.57,2.11,10.06,False,False
2024-04-05 00:00:00,2024,Friday,April,Summer,Rainy,6.98,30.54,64.21,0.99,2.18,8.75,False,False
2024-04-06 00:00:00,2024,Saturday,April,Summer,Hot & Sunny,7.0,31.04,59.43,0.02,1.73,10.56,False,False
2024-04-07 00:00:00,2024,Sunday,April,Summer,Hot & Sunny,6.95,30.68,63.76,0.09,2.41,10.18,False,False
2024-04-08 00:00:00,2024,Monday,April,Summer,Hot & Sunny,7.26,31.37,59.02,0.14,2.12,9.1,False,False
2024-04-09 00:00:00,2024,Tuesday,April,Summer,Hot & Sunny,7.18,31.3,55.15,0.2,1.27,10.82,False,False
2024-04-10 00:00:00,2024,Wednesday,April,Summer,Rainy,7.16,31.2,54.07,0.56,1.68,10.54,False,False
2024-04-11 00:00:00,2024,Thursday,April,Summer,Rainy,7.01,30.74,61.04,9.61,1.42,10.3,False,False
2024-04-12 00:00:00,2024,Friday,April,Summer,Rainy,5.45,29.51,70.67,9.59,1.5,8.94,False,False
2024-04-13 00:00:00,2024,Saturday,April,Summer,Rainy,5.57,29.12,66.88,2.6,1.56,9.28,False,False
2024-04-14 00:00:00,2024,Sunday,April,Summer,Rainy,6.73,29.85,64.76,0.56,1.24,10.74,False,False
2024-04-15 00:00:00,2024,Monday,April,Summer,Hot & Sunny,7.27,30.52,58.14,0.09,1.65,12.42,False,False
2024-04-16 00:00:00,2024,Tuesday,April,Summer,Hot & Sunny,6.82,30.47,63.36,0.15,1.73,11.37,False,False
2024-04-17 00:00:00,2024,Wednesday,April,Summer,Cloudy,6.23,29.4,73.27,0.0,2.11,11.4,False,False
2024-04-18 00:00:00,2024,Thursday,April,Summer,Cloudy,5.42,29.03,73.51,0.0,2.31,7.91,False,False
2024-04-19 00:00:00,2024,Friday,April,Summer,Cloudy,5.31,29.1,73.26,0.0,2.38,10.59,False,False
2024-04-20 00:00:00,2024,Saturday,April,Summer,Cloudy,4.97,29.59,68.7,0.0,2.16,8.36,False,False
2024-04-21 00:00:00,2024,Sunday,April,Summer,Rainy,6.31,30.43,65.24,0.86,1.98,13.83,False,False
2024-04-22 00:00:00,2024,Monday,April,Summer,Rainy,6.22,29.61,70.68,0.96,2.02,11.81,False,False
2024-04-23 00:00:00,2024,Tuesday,April,Summer,Cloudy,7.18,29.76,67.62,0.13,1.91,10.86,False,False
2024-04-24 00:00:00,2024,Wednesday,April,Summer,Rainy,6.46,29.22,67.11,0.38,1.49,11.44,False,False
2024-04-25 00:00:00,2024,Thursday,April,Summer,Hot & Sunny,6.61,30.43,61.34,0.17,1.71,12.67,False,False
2024-04-26 00:00:00,2024,Friday,April,Summer,Hot & Sunny,6.89,30.57,63.34,0.07,1.85,11.94,False,False
2024-04-27 00:00:00,2024,Saturday,April,Summer,Hot & Sunny,7.45,30.81,61.5,0.03,1.6,12.8,False,False
2024-04-28 00:00:00,2024,Sunday,April,Summer,Hot & Sunny,7.41,31.53,57.85,0.01,1.83,13.09,False,False
2024-04-29 00:00:00,2024,Monday,April,Summer,Hot & Sunny,7.3,31.81,56.99,0.01,1.96,13.55,False,False
2024-04-30 00:00:00,2024,Tuesday,April,Summer,Hot & Sunny,6.46,30.56,65.68,0.16,2.63,10.58,False,False
2024-05-01 00:00:00,2024,Wednesday,May,Summer,Windy,5.91,30.43,68.57,0.15,2.73,10.54,False,False
2024-05-02 00:00:00,2024,Thursday,May,Summer,Cloudy,5.93,31.11,65.77,0.12,2.39,12.25,False,False
2024-05-03 00:00:00,2024,Friday,May,Summer,Rainy,4.83,29.9,70.79,0.46,2.56,8.64,False,False
2024-05-04 00:00:00,2024,Saturday,May,Summer,Rainy,5.69,28.66,65.65,6.92,2.55,8.06,False,False
2024-05-05 00:00:00,2024,Sunday,May,Summer,Rainy,6.74,29.48,65.92,2.49,2.64,12.81,False,False
2024-05-06 00:00:00,2024,Monday,May,Summer,Windy,6.46,29.84,63.56,0.04,2.67,8.34,False,False
2024-05-07 00:00:00,2024,Tuesday,May,Summer,Rainy,5.99,29.83,65.82,1.35,2.17,12.23,False,False
2024-05-08 00:00:00,2024,Wednesday,May,Summer,Rainy,5.59,29.85,66.83,3.1,1.58,12.36,False,False
2024-05-09 00:00:00,2024,Thursday,May,Summer,Rainy,5.42,28.57,74.34,7.9,1.57,6.12,False,False
2024-05-10 00:00:00,2024,Friday,May,Summer,Rainy,4.96,26.92,84.68,9.83,1.48,9.64,False,False
2024-05-11 00:00:00,2024,Saturday,May,Summer,Rainy,4.42,28.41,75.62,4.56,1.14,9.22,False,False
2024-05-12 00:00:00,2024,Sunday,May,Summer,Rainy,4.97,27.76,80.77,7.07,1.35,10.31,False,False
2024-05-13 00:00:00,2024,Monday,May,Summer,Rainy,3.76,27.43,83.23,20.0,1.09,6.39,False,False
2024-05-14 00:00:00,2024,Tuesday,May,Summer,Rainy,4.08,27.9,76.94,2.86,1.1,8.74,False,False
2024-05-15 00:00:00,2024,Wednesday,May,Summer,Rainy,5.16,28.38,75.22,7.45,1.26,9.24,False,False
2024-05-16 00:00:00,2024,Thursday,May,Summer,Rainy,4.89,26.94,83.66,7.84,1.39,9.65,False,False
2024-05-17 00:00:00,2024,Friday,May,Summer,Rainy,3.96,27.83,78.9,15.2,1.37,9.01,False,False
2024-05-18 00:00:00,2024,Saturday,May,Summer,Rainy,4.18,26.11,91.82,20.13,2.02,9.64,False,False
2024-05-19 00:00:00,2024,Sunday,May,Summer,Rainy,3.49,25.7,88.75,31.62,3.33,7.27,False,False
2024-05-20 00:00:00,2024,Monday,May,Summer,Rainy,2.68,25.4,92.67,16.86,2.64,2.9,False,True
2024-05-21 00:00:00,2024,Tuesday,May,Summer,Rainy,4.64,26.04,86.48,24.72,1.82,8.68,False,False
2024-05-22 00:00:00,2024,Wednesday,May,Summer,Rainy,4.42,26.16,90.98,35.8,2.1,5.68,False,False
2024-05-23 00:00:00,2024,Thursday,May,Summer,Rainy,2.81,26.04,93.34,23.31,3.25,4.84,False,False
2024-05-24 00:00:00,2024,Friday,May,Summer,Rainy,2.86,26.01,91.06,15.67,2.99,2.57,False,True
2024-05-25 00:00:00,2024,Saturday,May,Summer,Rainy,3.45,25.61,87.25,7.55,2.87,7.74,False,False
2024-05-26 00:00:00,2024,Sunday,May,Summer,Rainy,3.74,25.83,88.63,2.72,3.1,6.81,False,False
2024-05-27 00:00:00,2024,Monday,May,Summer,Rainy,4.99,25.85,86.23,2.85,2.81,10.52,False,False
2024-05-28 00:00:00,2024,Tuesday,May,Summer,Rainy,4.02,25.55,92.71,11.4,2.99,4.6,False,False
2024-05-29 00:00:00,2024,Wednesday,May,Summer,Rainy,4.96,26.07,88.64,10.88,2.93,9.09,False,False
2024-05-30 00:00:00,2024,Thursday,May,Summer,Rainy,5.19,26.32,89.55,5.91,3.39,8.51,False,False
2024-05-31 00:00:00,2024,Friday,May,Summer,Rainy,5.38,26.46,90.09,4.58,2.95,8.97,False,False
2024-06-01 00:00:00,2024,Saturday,June,Monsoon,Rainy,4.07,26.73,92.37,8.67,2.77,3.68,False,False
2024-06-02 00:00:00,2024,Sunday,June,Monsoon,Rainy,5.27,26.14,87.71,8.92,1.56,8.81,False,False
2024-06-03 00:00:00,2024,Monday,June,Monsoon,Rainy,3.98,26.02,88.7,2.69,1.91,8.28,False,False
2024-06-04 00:00:00,2024,Tuesday,June,Monsoon,Rainy,5.33,25.98,87.51,2.57,1.92,13.91,False,False
2024-06-05 00:00:00,2024,Wednesday,June,Monsoon,Rainy,4.91,26.18,88.1,6.58,1.9,8.07,False,False
2024-06-06 00:00:00,2024,Thursday,June,Monsoon,Rainy,4.03,25.16,89.15,29.49,1.72,9.98,False,False
2024-06-07 00:00:00,2024,Friday,June,Monsoon,Rainy,5.17,25.2,88.54,10.13,1.91,8.67,False,False
2024-06-08 00:00:00,2024,Saturday,June,Monsoon,Rainy,5.31,25.54,89.88,11.87,2.49,8.71,False,False
2024-06-09 00:00:00,2024,Sunday,June,Monsoon,Rainy,5.0,25.51,88.86,8.34,2.82,8.05,False,False
2024-06-10 00:00:00,2024,Monday,June,Monsoon,Rainy,4.37,25.52,89.49,10.01,3.09,7.64,False,False
2024-06-11 00:00:00,2024,Tuesday,June,Monsoon,Rainy,4.9,25.5,86.66,7.33,2.46,8.25,False,False
2024-06-12 00:00:00,2024,Wednesday,June,Monsoon,Rainy,3.59,25.13,84.21,11.49,2.79,7.33,False,False
2024-06-13 00:00:00,2024,Thursday,June,Monsoon,Rainy,4.37,25.15,84.4,2.65,2.05,7.66,False,False
2024-06-14 00:00:00,2024,Friday,June,Monsoon,Rainy,6.01,25.5,87.07,1.95,2.04,11.08,False,False
2024-06-15 00:00:00,2024,Saturday,June,Monsoon,Rainy,5.99,25.88,87.76,1.33,2.32,9.93,False,False
2024-06-16 00:00:00,2024,Sunday,June,Monsoon,Rainy,5.49,25.92,88.21,5.04,1.85,9.3,False,False
2024-06-17 00:00:00,2024,Monday,June,Monsoon,Rainy,6.16,25.21,86.26,6.76,1.8,11.79,False,False
2024-06-18 00:00:00,2024,Tuesday,June,Monsoon,Rainy,5.18,25.46,87.46,8.88,1.94,9.63,False,False
2024-06-19 00:00:00,2024,Wednesday,June,Monsoon,Rainy,5.02,25.39,87.88,7.39,2.14,6.88,False,False
2024-06-20 00:00:00,2024,Thursday,June,Monsoon,Rainy,4.19,24.98,89.81,4.85,2.37,3.4,False,False
2024-06-21 00:00:00,2024,Friday,June,Monsoon,Rainy,4.12,25.19,85.75,3.19,2.71,5.49,False,False
2024-06-22 00:00:00,2024,Saturday,June,Monsoon,Rainy,4.94,23.93,89.67,9.85,2.83,9.55,False,False
2024-06-23 00:00:00,2024,Sunday,June,Monsoon,Rainy,3.56,23.56,90.48,22.35,3.32,4.91,False,False
2024-06-24 00:00:00,2024,Monday,June,Monsoon,Rainy,3.96,24.03,89.59,14.96,3.84,8.91,False,False
2024-06-25 00:00:00,2024,Tuesday,June,Monsoon,Rainy,3.59,24.56,86.37,63.16,3.88,6.51,False,False
2024-06-26 00:00:00,2024,Wednesday,June,Monsoon,Rainy,3.19,24.38,88.56,15.19,3.75,4.89,False,False
2024-06-27 00:00:00,2024,Thursday,June,Monsoon,Rainy,2.88,24.26,87.81,7.74,3.1,4.83,False,False
2024-06-28 00:00:00,2024,Friday,June,Monsoon,Rainy,4.2,24.74,88.54,6.87,2.29,7.08,False,False
2024-06-29 00:00:00,2024,Saturday,June,Monsoon,Rainy,4.91,24.95,89.98,14.3,2.17,7.57,False,False
2024-06-30 00:00:00,2024,Sunday,June,Monsoon,Rainy,4.05,24.99,90.38,5.21,1.72,6.13,False,False
2024-07-01 00:00:00,2024,Monday,July,Monsoon,Rainy,2.45,24.29,89.68,30.26,1.91,4.77,False,False
2024-07-02 00:00:00,2024,Tuesday,July,Monsoon,Rainy,4.35,24.63,86.99,5.9,1.67,9.07,False,False
2024-07-03 00:00:00,2024,Wednesday,July,Monsoon,Rainy,4.23,25.24,90.89,11.51,2.26,5.15,False,False
2024-07-04 00:00:00,2024,Thursday,July,Monsoon,Rainy,5.12,24.65,88.54,2.89,2.21,12.15,False,False
2024-07-05 00:00:00,2024,Friday,July,Monsoon,Rainy,4.5,24.68,88.22,2.66,2.3,7.99,False,False
2024-07-06 00:00:00,2024,Saturday,July,Monsoon,Rainy,3.35,23.82,91.87,8.57,2.2,6.15,False,False
2024-07-07 00:00:00,2024,Sunday,July,Monsoon,Rainy,4.09,24.43,89.52,7.02,2.85,8.65,False,False
2024-07-08 00:00:00,2024,Monday,July,Monsoon,Rainy,3.57,23.94,92.42,14.01,3.36,5.11,False,False
2024-07-09 00:00:00,2024,Tuesday,July,Monsoon,Rainy,4.39,23.89,91.64,5.26,2.64,8.68,False,False
2024-07-10 00:00:00,2024,Wednesday,July,Monsoon,Rainy,5.35,24.17,91.27,5.44,2.51,11.03,False,False
2024-07-11 00:00:00,2024,Thursday,July,Monsoon,Rainy,5.34,24.08,86.28,2.38,2.45,10.79,False,False
2024-07-12 00:00:00,2024,Friday,July,Monsoon,Rainy,3.53,24.55,89.11,21.7,2.43,6.74,False,False
2024-07-13 00:00:00,2024,Saturday,July,Monsoon,Rainy,3.39,23.62,91.49,17.76,2.78,6.94,False,False
2024-07-14 00:00:00,2024,Sunday,July,Monsoon,Rainy,2.94,24.51,90.34,22.63,3.81,5.55,False,False
2024-07-15 00:00:00,2024,Monday,July,Monsoon,Rainy,2.24,24.43,94.04,51.45,5.27,1.55,False,True
2024-07-16 00:00:00,2024,Tuesday,July,Monsoon,Rainy,2.18,23.77,93.35,33.37,4.37,4.02,False,False
2024-07-17 00:00:00,2024,Wednesday,July,Monsoon,Rainy,2.47,24.2,92.5,35.39,4.37,4.09,False,False
2024-07-18 00:00:00,2024,Thursday,July,Monsoon,Rainy,1.84,24.21,93.13,15.54,4.68,2.33,False,True
2024-07-19 00:00:00,2024,Friday,July,Monsoon,Rainy,2.13,24.47,93.55,16.91,3.94,3.21,False,False
2024-07-20 00:00:00,2024,Saturday,July,Monsoon,Rainy,3.9,24.64,92.93,6.22,3.37,7.49,False,False
2024-07-21 00:00:00,2024,Sunday,July,Monsoon,Rainy,4.18,24.59,92.3,1.41,3.42,6.68,False,False
2024-07-22 00:00:00,2024,Monday,July,Monsoon,Rainy,3.41,24.32,91.55,6.51,3.12,3.9,False,False
2024-07-23 00:00:00,2024,Tuesday,July,Monsoon,Rainy,4.22,24.21,90.34,4.38,2.95,6.45,False,False
2024-07-24 00:00:00,2024,Wednesday,July,Monsoon,Rainy,3.49,24.3,89.81,5.96,3.46,5.03,False,False
2024-07-25 00:00:00,2024,Thursday,July,Monsoon,Rainy,2.79,24.33,91.13,28.47,3.84,0.1,False,True
2024-07-26 00:00:00,2024,Friday,July,Monsoon,Rainy,3.19,24.49,92.97,17.06,3.93,1.1,False,True
2024-07-27 00:00:00,2024,Saturday,July,Monsoon,Rainy,4.3,24.58,92.32,9.46,3.48,0.36,False,True
2024-07-28 00:00:00,2024,Sunday,July,Monsoon,Rainy,3.73,24.5,93.24,13.29,3.38,4.82,False,False
2024-07-29 00:00:00,2024,Monday,July,Monsoon,Rainy,2.24,24.89,93.46,65.43,3.68,2.66,False,True
2024-07-30 00:00:00,2024,Tuesday,July,Monsoon,Rainy,3.18,24.03,92.96,32.38,2.63,5.44,False,False
2024-07-31 00:00:00,2024,Wednesday,July,Monsoon,Rainy,2.88,24.52,93.25,16.52,2.68,4.9,False,False
2024-08-01 00:00:00,2024,Thursday,August,Monsoon,Rainy,4.05,24.67,93.22,19.47,2.79,5.2,False,False
2024-08-02 00:00:00,2024,Friday,August,Monsoon,Rainy,3.13,24.01,92.59,7.09,2.63,5.23,False,False
2024-08-03 00:00:00,2024,Saturday,August,Monsoon,Rainy,4.09,24.05,90.43,5.43,2.46,8.95,False,False
2024-08-04 00:00:00,2024,Sunday,August,Monsoon,Rainy,4.92,24.26,91.04,6.36,2.71,10.36,False,False
2024-08-06 00:00:00,2024,Tuesday,August,Monsoon,Rainy,4.23,23.86,92.03,4.99,2.5,8.87,False,False
2024-08-07 00:00:00,2024,Wednesday,August,Monsoon,Rainy,4.01,23.78,92.77,2.91,2.57,8.94,False,False
2024-08-08 00:00:00,2024,Thursday,August,Monsoon,Rainy,3.79,23.91,92.03,2.4,2.94,5.9,False,False
2024-08-09 00:00:00,2024,Friday,August,Monsoon,Rainy,3.81,24.45,92.01,2.94,2.5,10.44,False,False
2024-08-10 00:00:00,2024,Saturday,August,Monsoon,Rainy,3.68,24.6,92.8,9.33,2.69,9.48,False,False
2024-08-11 00:00:00,2024,Sunday,August,Monsoon,Rainy,4.82,24.9,92.77,5.19,2.44,8.06,False,False
2024-08-12 00:00:00,2024,Monday,August,Monsoon,Rainy,5.75,25.4,92.22,6.24,2.26,10.24,False,False
2024-08-14 00:00:00,2024,Wednesday,August,Monsoon,Rainy,4.04,25.74,90.86,6.14,2.0,8.73,False,False
2024-08-15 00:00:00,2024,Thursday,August,Monsoon,Rainy,4.28,25.53,91.27,5.78,1.85,6.99,False,False
2024-08-16 00:00:00,2024,Friday,August,Monsoon,Rainy,4.01,25.85,91.64,4.81,1.58,6.86,False,False
2024-08-17 00:00:00,2024,Saturday,August,Monsoon,Rainy,4.39,24.82,93.08,1.18,3.02,3.3,False,False
2024-08-18 00:00:00,2024,Sunday,August,Monsoon,Rainy,5.22,25.25,90.18,2.93,1.07,9.62,False,False
2024-08-19 00:00:00,2024,Monday,August,Monsoon,Rainy,4.02,24.95,93.74,6.22,2.44,6.86,False,False
2024-08-20 00:00:00,2024,Tuesday,August,Monsoon,Rainy,3.84,24.77,91.72,8.23,1.92,10.42,False,False
2024-08-21 00:00:00,2024,Wednesday,August,Monsoon,Rainy,3.64,24.25,93.75,6.29,3.36,5.42,False,False
2024-08-22 00:00:00,2024,Thursday,August,Monsoon,Rainy,4.64,24.68,91.65,1.18,2.72,11.68,False,False
2024-08-23 00:00:00,2024,Friday,August,Monsoon,Humid,6.01,24.83,90.11,0.17,2.22,13.37,False,False
2024-08-24 00:00:00,2024,Saturday,August,Monsoon,Rainy,4.16,24.57,91.3,1.95,2.4,7.88,False,False
2024-08-25 00:00:00,2024,Sunday,August,Monsoon,Rainy,4.42,24.5,90.01,2.55,3.12,9.1,False,False
2024-08-26 00:00:00,2024,Monday,August,Monsoon,Rainy,5.43,24.74,90.38,2.89,3.29,10.78,False,False
2024-08-27 00:00:00,2024,Tuesday,August,Monsoon,Rainy,4.85,24.86,90.54,3.64,2.79,9.7,False,False
2024-08-28 00:00:00,2024,Wednesday,August,Monsoon,Rainy,3.02,24.47,90.3,7.03,2.46,6.45,False,False
2024-08-29 00:00:00,2024,Thursday,August,Monsoon,Rainy,2.6,24.78,91.42,13.57,3.03,3.74,False,False
2024-08-30 00:00:00,2024,Friday,August,Monsoon,Rainy,4.24,24.66,94.64,15.0,2.76,6.26,False,False
2024-08-31 00:00:00,2024,Saturday,August,Monsoon,Rainy,3.81,24.51,92.74,10.36,2.9,8.19,False,False
2024-09-01 00:00:00,2024,Sunday,September,Monsoon,Rainy,4.78,24.3,93.0,8.37,3.28,10.13,False,False
2024-09-02 00:00:00,2024,Monday,September,Monsoon,Rainy,4.84,24.32,92.75,10.98,2.6,9.67,False,False
2024-09-03 00:00:00,2024,Tuesday,September,Monsoon,Rainy,5.15,24.81,92.1,8.0,2.9,8.94,False,False
2024-09-04 00:00:00,2024,Wednesday,September,Monsoon,Rainy,5.61,25.02,90.52,6.29,3.07,11.61,False,False
2024-09-05 00:00:00,2024,Thursday,September,Monsoon,Rainy,5.94,24.89,90.97,2.78,3.19,10.29,False,False
2024-09-06 00:00:00,2024,Friday,September,Monsoon,Rainy,3.9,24.61,92.18,2.23,3.03,7.5,False,False
2024-09-07 00:00:00,2024,Saturday,September,Monsoon,Rainy,4.17,24.81,91.12,3.5,2.85,8.74,False,False
2024-09-08 00:00:00,2024,Sunday,September,Monsoon,Rainy,3.57,24.7,91.11,10.84,2.85,6.6,False,False
2024-09-09 00:00:00,2024,Monday,September,Monsoon,Rainy,4.03,24.61,93.03,8.03,2.82,6.26,False,False
2024-09-10 00:00:00,2024,Tuesday,September,Monsoon,Rainy,5.44,25.15,91.3,9.01,3.41,10.22,False,False
2024-09-11 00:00:00,2024,Wednesday,September,Monsoon,Rainy,5.14,25.18,91.27,6.55,2.73,0.23,False,True
2024-09-12 00:00:00,2024,Thursday,September,Monsoon,Rainy,5.88,24.78,89.56,2.78,2.39,11.63,False,False
2024-09-13 00:00:00,2024,Friday,September,Monsoon,Rainy,5.93,25.1,88.43,0.27,2.32,13.2,False,False
2024-09-15 00:00:00,2024,Sunday,September,Monsoon,Rainy,5.06,25.1,88.67,0.25,2.69,11.94,False,False
2024-09-16 00:00:00,2024,Monday,September,Monsoon,Humid,6.48,25.04,88.72,0.15,2.64,14.06,False,False
2024-09-17 00:00:00,2024,Tuesday,September,Monsoon,Humid,6.17,25.12,88.73,0.2,3.16,12.97,False,False
2024-09-18 00:00:00,2024,Wednesday,September,Monsoon,Humid,6.87,24.57,87.22,0.1,2.65,13.81,False,False
2024-09-19 00:00:00,2024,Thursday,September,Monsoon,Humid,6.22,23.99,88.79,0.18,1.95,11.0,False,False
2024-09-20 00:00:00,2024,Friday,September,Monsoon,Rainy,5.95,24.92,87.61,0.39,2.35,13.06,False,False
2024-09-21 00:00:00,2024,Saturday,September,Monsoon,Rainy,6.03,25.01,87.57,0.45,2.66,13.13,False,False
2024-09-22 00:00:00,2024,Sunday,September,Monsoon,Rainy,4.45,24.85,88.91,5.92,2.57,12.61,False,False
2024-09-23 00:00:00,2024,Monday,September,Monsoon,Rainy,3.94,23.96,89.94,5.65,2.64,7.95,False,False
2024-09-24 00:00:00,2024,Tuesday,September,Monsoon,Rainy,4.06,24.36,91.71,5.07,2.89,6.57,False,False
2024-09-25 00:00:00,2024,Wednesday,September,Monsoon,Rainy,4.94,24.73,87.39,1.15,3.13,10.52,False,False
2024-09-26 00:00:00,2024,Thursday,September,Monsoon,Rainy,4.22,24.74,89.09,1.45,2.49,8.35,False,False
2024-09-27 00:00:00,2024,Friday,September,Monsoon,Rainy,4.66,24.91,88.2,0.99,1.91,11.23,False,False
2024-09-28 00:00:00,2024,Saturday,September,Monsoon,Rainy,4.95,25.45,87.09,4.6,1.69,8.81,False,False
2024-09-29 00:00:00,2024,Sunday,September,Monsoon,Rainy,5.16,25.7,85.64,10.33,1.4,10.18,False,False
2024-09-30 00:00:00,2024,Monday,September,Monsoon,Rainy,5.8,25.46,87.08,5.28,1.32,10.4,False,False
2024-10-01 00:00:00,2024,Tuesday,October,Postmonsoon,Rainy,5.31,25.97,86.42,1.38,1.42,8.54,False,False
2024-10-02 00:00:00,2024,Wednesday,October,Postmonsoon,Rainy,5.25,25.99,87.31,2.45,1.29,10.45,False,False
2024-10-03 00:00:00,2024,Thursday,October,Postmonsoon,Rainy,4.98,25.43,90.09,0.88,1.48,10.01,False,False
2024-10-04 00:00:00,2024,Friday,October,Postmonsoon,Rainy,4.98,24.92,91.35,4.17,1.47,9.77,False,False
2024-10-05 00:00:00,2024,Saturday,October,Postmonsoon,Rainy,4.13,24.69,87.55,9.49,1.03,9.28,False,False
2024-10-06 00:00:00,2024,Sunday,October,Postmonsoon,Rainy,3.46,24.8,86.92,10.78,1.37,9.13,False,False
2024-10-07 00:00:00,2024,Monday,October,Postmonsoon,Rainy,3.98,24.72,86.01,15.67,1.48,3.2,False,False
2024-10-08 00:00:00,2024,Tuesday,October,Postmonsoon,Rainy,4.47,25.14,89.05,8.06,1.99,10.19,False,False
2024-10-09 00:00:00,2024,Wednesday,October,Postmonsoon,Rainy,4.63,24.76,93.67,11.61,2.51,9.18,False,False
2024-10-10 00:00:00,2024,Thursday,October,Postmonsoon,Rainy,3.36,24.63,89.51,2.45,2.18,6.77,False,False
2024-10-11 00:00:00,2024,Friday,October,Postmonsoon,Rainy,3.9,23.99,92.82,14.2,2.27,7.38,False,False
2024-10-12 00:00:00,2024,Saturday,October,Postmonsoon,Rainy,2.96,24.07,92.92,9.86,1.52,6.14,False,False
2024-10-13 00:00:00,2024,Sunday,October,Postmonsoon,Rainy,3.16,24.78,90.27,24.04,1.26,5.5,False,False
2024-10-14 00:00:00,2024,Monday,October,Postmonsoon,Rainy,2.85,24.05,93.19,9.76,1.54,6.63,False,False
2024-10-15 00:00:00,2024,Tuesday,October,Postmonsoon,Rainy,3.24,23.01,87.51,19.81,1.11,6.34,False,False
2024-10-16 00:00:00,2024,Wednesday,October,Postmonsoon,Rainy,2.67,23.38,90.62,11.5,1.81,6.97,False,False
2024-10-17 00:00:00,2024,Thursday,October,Postmonsoon,Rainy,3.59,24.25,88.39,3.54,1.73,0.37,False,True
2024-10-18 00:00:00,2024,Friday,October,Postmonsoon,Rainy,4.36,24.92,89.06,4.69,1.75,9.96,False,False
2024-10-19 00:00:00,2024,Saturday,October,Postmonsoon,Rainy,3.0,24.29,89.89,2.06,1.22,5.45,False,False
2024-10-20 00:00:00,2024,Sunday,October,Postmonsoon,Rainy,4.75,25.43,85.43,5.34,1.34,11.53,False,False
2024-10-21 00:00:00,2024,Monday,October,Postmonsoon,Rainy,3.29,25.67,87.29,5.59,1.17,0.61,False,True
2024-10-22 00:00:00,2024,Tuesday,October,Postmonsoon,Rainy,4.07,25.18,88.93,12.74,1.36,8.92,False,False
2024-10-23 00:00:00,2024,Wednesday,October,Postmonsoon,Rainy,5.22,25.65,87.72,16.69,1.3,7.01,False,False
2024-10-24 00:00:00,2024,Thursday,October,Postmonsoon,Rainy,3.74,23.72,89.72,8.59,1.46,9.81,False,False
2024-10-25 00:00:00,2024,Friday,October,Postmonsoon,Rainy,4.33,24.81,85.16,5.1,1.4,10.07,False,False
2024-10-26 00:00:00,2024,Saturday,October,Postmonsoon,Rainy,4.87,25.18,86.46,2.82,1.43,9.18,False,False
2024-10-28 00:00:00,2024,Monday,October,Postmonsoon,Rainy,5.48,24.71,83.79,1.48,1.78,10.17,False,False
2024-10-29 00:00:00,2024,Tuesday,October,Postmonsoon,Rainy,4.93,25.2,85.48,1.0,1.95,10.83,False,False
2024-10-30 00:00:00,2024,Wednesday,October,Postmonsoon,Humid,5.58,25.48,86.24,0.09,1.69,12.13,False,False
2024-10-31 00:00:00,2024,Thursday,October,Postmonsoon,Rainy,5.27,25.8,87.09,6.85,1.59,12.2,False,False
2024-11-01 00:00:00,2024,Friday,November,Postmonsoon,Rainy,3.56,25.82,88.29,13.13,1.12,4.8,False,False
2024-11-02 00:00:00,2024,Saturday,November,Postmonsoon,Rainy,4.22,25.25,90.02,12.16,1.21,7.72,False,False
2024-11-03 00:00:00,2024,Sunday,November,Postmonsoon,Rainy,4.9,25.18,88.48,13.28,1.19,8.3,False,False
2024-11-04 00:00:00,2024,Monday,November,Postmonsoon,Rainy,3.93,25.07,86.97,20.43,1.2,6.38,False,False
2024-11-05 00:00:00,2024,Tuesday,November,Postmonsoon,Rainy,5.4,24.69,86.26,5.79,1.39,9.06,False,False
2024-11-06 00:00:00,2024,Wednesday,November,Postmonsoon,Humid,5.43,25.09,83.84,0.19,1.24,11.44,False,False
2024-11-07 00:00:00,2024,Thursday,November,Postmonsoon,Rainy,3.43,25.38,83.61,3.27,0.92,10.56,False,False
2024-11-08 00:00:00,2024,Friday,November,Postmonsoon,Rainy,3.96,25.68,84.67,2.24,1.51,7.6,False,False
2024-11-09 00:00:00,2024,Saturday,November,Postmonsoon,Rainy,5.84,25.1,81.75,0.48,1.83,12.55,False,False
2024-11-10 00:00:00,2024,Sunday,November,Postmonsoon,Humid,5.8,25.01,78.09,0.04,1.39,11.35,False,False
2024-11-11 00:00:00,2024,Monday,November,Postmonsoon,Humid,4.84,25.2,76.29,0.1,1.07,9.46,False,False
2024-11-12 00:00:00,2024,Tuesday,November,Postmonsoon,Rainy,3.63,25.03,81.65,0.36,1.13,8.56,False,False
2024-11-13 00:00:00,2024,Wednesday,November,Postmonsoon,Rainy,2.56,25.24,86.77,1.52,1.68,7.21,False,False
2024-11-14 00:00:00,2024,Thursday,November,Postmonsoon,Rainy,3.89,24.94,88.29,7.47,2.07,6.31,False,False
2024-11-15 00:00:00,2024,Friday,November,Postmonsoon,Rainy,3.92,25.11,86.91,14.3,1.86,6.02,False,False
2024-11-16 00:00:00,2024,Saturday,November,Postmonsoon,Rainy,3.42,25.02,85.95,9.93,2.07,6.99,False,False
2024-11-17 00:00:00,2024,Sunday,November,Postmonsoon,Rainy,3.93,25.38,85.74,4.85,2.17,10.4,False,False
2024-11-18 00:00:00,2024,Monday,November,Postmonsoon,Rainy,4.93,24.6,84.26,0.79,2.9,10.84,False,False
2024-11-19 00:00:00,2024,Tuesday,November,Postmonsoon,Rainy,4.64,24.85,83.2,1.55,2.05,9.92,False,False
2024-11-20 00:00:00,2024,Wednesday,November,Postmonsoon,Humid,3.72,24.27,84.07,0.16,2.27,7.97,False,False
2024-11-21 00:00:00,2024,Thursday,November,Postmonsoon,Humid,4.63,24.12,82.75,0.1,2.14,8.45,False,False
2024-11-22 00:00:00,2024,Friday,November,Postmonsoon,Humid,5.47,24.85,82.8,0.06,1.68,11.02,False,False
2024-11-23 00:00:00,2024,Saturday,November,Postmonsoon,Humid,4.0,24.52,82.9,0.06,1.61,9.41,False,False
2024-11-24 00:00:00,2024,Sunday,November,Postmonsoon,Humid,4.93,24.58,81.63,0.01,1.94,10.06,False,False
2024-11-25 00:00:00,2024,Monday,November,Postmonsoon,Humid,4.44,23.62,81.69,0.0,2.18,6.3,False,False
2024-11-26 00:00:00,2024,Tuesday,November,Postmonsoon,Rainy,3.34,23.34,83.8,1.8,1.44,6.85,False,False
2024-11-27 00:00:00,2024,Wednesday,November,Postmonsoon,Rainy,3.48,24.74,85.06,1.65,1.04,7.39,False,False
2024-11-28 00:00:00,2024,Thursday,November,Postmonsoon,Humid,5.06,25.34,78.61,0.1,1.29,10.54,False,False
2024-11-29 00:00:00,2024,Friday,November,Postmonsoon,Rainy,4.23,24.83,82.98,0.8,1.7,9.87,False,False
2024-11-30 00:00:00,2024,Saturday,November,Postmonsoon,Rainy,1.88,25.1,88.25,0.89,2.2,6.71,False,False
2024-12-01 00:00:00,2024,Sunday,December,Winter,Rainy,1.22,25.27,90.55,15.05,3.1,3.65,True,False
2024-12-02 00:00:00,2024,Monday,December,Winter,Rainy,1.92,24.97,95.76,40.07,3.41,5.34,False,False
2024-12-03 00:00:00,2024,Tuesday,December,Winter,Rainy,3.37,24.41,91.34,25.11,2.37,6.09,False,False
2024-12-04 00:00:00,2024,Wednesday,December,Winter,Rainy,4.31,24.87,84.14,0.88,1.25,8.78,False,False
2024-12-05 00:00:00,2024,Thursday,December,Winter,Rainy,4.31,25.01,84.88,1.95,1.2,0.47,False,True
2024-12-06 00:00:00,2024,Friday,December,Winter,Rainy,5.45,24.92,84.9,0.29,1.35,11.65,False,False
2024-12-07 00:00:00,2024,Saturday,December,Winter,Rainy,5.06,24.96,84.14,0.9,1.15,10.34,False,False
2024-12-08 00:00:00,2024,Sunday,December,Winter,Rainy,4.96,24.99,84.0,0.29,1.1,9.95,False,False
2024-12-09 00:00:00,2024,Monday,December,Winter,Humid,4.91,24.82,82.64,0.06,1.1,10.03,False,False
2024-12-10 00:00:00,2024,Tuesday,December,Winter,Rainy,4.37,24.88,83.3,0.21,0.91,8.49,False,False
2024-12-11 00:00:00,2024,Wednesday,December,Winter,Rainy,4.09,24.83,81.56,0.22,1.48,9.93,False,False
2024-12-12 00:00:00,2024,Thursday,December,Winter,Rainy,1.56,24.23,86.29,5.71,2.01,3.6,False,False
2024-12-13 00:00:00,2024,Friday,December,Winter,Rainy,1.57,23.86,89.96,15.83,2.98,3.04,False,True
2024-12-14 00:00:00,2024,Saturday,December,Winter,Rainy,3.81,23.79,85.15,1.93,3.28,7.54,False,False
2024-12-15 00:00:00,2024,Sunday,December,Winter,Rainy,5.51,22.5,81.24,0.3,2.84,12.02,False,False
2024-12-16 00:00:00,2024,Monday,December,Winter,Humid,5.68,22.51,82.43,0.0,2.45,11.86,False,False
2024-12-17 00:00:00,2024,Tuesday,December,Winter,Humid,5.56,23.51,77.58,0.02,1.56,11.76,False,False
2024-12-18 00:00:00,2024,Wednesday,December,Winter,Humid,5.39,23.76,81.34,0.0,1.59,10.72,False,False
2024-12-19 00:00:00,2024,Thursday,December,Winter,Humid,4.97,24.52,83.97,0.0,1.58,9.75,False,False
2024-12-20 00:00:00,2024,Friday,December,Winter,Humid,4.77,25.03,85.72,0.0,1.83,10.52,False,False
2024-12-21 00:00:00,2024,Saturday,December,Winter,Humid,4.67,25.44,88.04,0.05,2.25,9.71,False,False
2024-12-22 00:00:00,2024,Sunday,December,Winter,Foggy,3.94,24.75,85.91,0.01,1.98,10.68,False,False
2024-12-23 00:00:00,2024,Monday,December,Winter,Humid,4.81,23.88,84.31,0.04,1.63,9.17,False,False
2024-12-24 00:00:00,2024,Tuesday,December,Winter,Humid,4.9,23.92,81.63,0.02,1.41,4.37,False,False
2024-12-25 00:00:00,2024,Wednesday,December,Winter,Humid,4.48,24.24,82.9,0.01,1.68,11.71,False,False
2024-12-26 00:00:00,2024,Thursday,December,Winter,Rainy,3.14,24.92,82.45,2.67,0.95,7.26,False,False
2024-12-27 00:00:00,2024,Friday,December,Winter,Rainy,4.62,25.07,83.27,4.24,2.07,9.06,False,False
2024-12-28 00:00:00,2024,Saturday,December,Winter,Humid,5.24,24.18,78.49,0.11,2.77,11.71,False,False
2024-12-29 00:00:00,2024,Sunday,December,Winter,Humid,5.53,24.22,76.97,0.01,2.25,11.96,False,False
2024-12-30 00:00:00,2024,Monday,December,Winter,Rainy,3.59,24.58,79.58,0.43,2.4,11.11,False,False
2024-12-31 00:00:00,2024,Tuesday,December,Winter,Humid,5.42,24.99,77.36,0.07,3.39,12.38,False,False
2025-01-01 00:00:00,2025,Wednesday,January,Winter,Cool,5.74,23.66,72.65,0.0,3.38,12.19,False,False
2025-01-02 00:00:00,2025,Thursday,January,Winter,Cool,5.65,22.63,74.72,0.0,3.15,11.97,False,False
2025-01-03 00:00:00,2025,Friday,January,Winter,Cool,5.67,22.75,74.11,0.0,3.38,11.92,False,False
2025-01-04 00:00:00,2025,Saturday,January,Winter,Cool,5.7,22.36,72.11,0.0,2.74,1.46,False,True
2025-01-05 00:00:00,2025,Sunday,January,Winter,Cool,5.77,22.75,70.06,0.0,2.53,11.86,False,False
2025-01-06 00:00:00,2025,Monday,January,Winter,Cool,5.78,23.2,67.51,0.0,2.17,11.66,False,False
2025-01-07 00:00:00,2025,Tuesday,January,Winter,Cool,5.53,23.42,68.92,0.0,1.98,10.8,False,False
2025-01-08 00:00:00,2025,Wednesday,January,Winter,Cool,5.16,23.53,73.23,0.0,1.85,9.14,False,False
2025-01-09 00:00:00,2025,Thursday,January,Winter,Cool,5.15,23.23,68.27,0.0,2.68,8.79,False,False
2025-01-10 00:00:00,2025,Friday,January,Winter,Cool,4.71,24.59,72.56,0.01,2.21,10.34,False,False
2025-01-11 00:00:00,2025,Saturday,January,Winter,Cloudy,4.26,25.57,72.19,0.01,2.05,9.15,False,False
2025-01-12 00:00:00,2025,Sunday,January,Winter,Cloudy,5.35,25.35,70.79,0.02,2.04,10.0,False,False
2025-01-13 00:00:00,2025,Monday,January,Winter,Rainy,3.5,25.59,77.48,2.72,1.82,7.89,False,False
2025-01-14 00:00:00,2025,Tuesday,January,Winter,Rainy,3.22,25.21,75.1,2.0,3.04,8.14,False,False
2025-01-15 00:00:00,2025,Wednesday,January,Winter,Cool,3.96,24.9,70.89,0.18,3.03,7.4,False,False
2025-01-16 00:00:00,2025,Thursday,January,Winter,Cool,5.58,24.61,66.94,0.0,3.4,12.09,False,False
2025-01-17 00:00:00,2025,Friday,January,Winter,Cool,5.72,24.44,67.81,0.0,3.42,11.6,False,False
2025-01-18 00:00:00,2025,Saturday,January,Winter,Rainy,4.79,24.25,72.55,1.38,3.04,9.9,False,False
2025-01-19 00:00:00,2025,Sunday,January,Winter,Rainy,2.66,24.87,77.42,3.21,2.53,5.32,False,False
2025-01-20 00:00:00,2025,Monday,January,Winter,Rainy,5.5,25.75,73.42,0.75,1.83,11.24,False,False
2025-01-21 00:00:00,2025,Tuesday,January,Winter,Cool,5.92,24.82,63.69,0.02,2.15,9.67,False,False
2025-01-22 00:00:00,2025,Wednesday,January,Winter,Cool,5.84,24.87,65.12,0.0,2.22,10.17,False,False
2025-01-23 00:00:00,2025,Thursday,January,Winter,Windy,5.62,25.23,66.43,0.0,2.7,8.91,False,False
2025-01-24 00:00:00,2025,Friday,January,Winter,Cool,5.91,24.82,61.42,0.0,2.95,8.89,False,False
2025-01-25 00:00:00,2025,Saturday,January,Winter,Windy,6.03,25.18,63.74,0.0,2.86,11.16,False,False
2025-01-26 00:00:00,2025,Sunday,January,Winter,Cool,6.16,24.44,56.74,0.0,3.46,10.15,False,False
2025-01-27 00:00:00,2025,Monday,January,Winter,Cool,6.26,24.22,60.81,0.0,2.4,11.47,False,False
2025-01-28 00:00:00,2025,Tuesday,January,Winter,Cool,6.08,24.48,62.92,0.0,2.01,10.95,False,False
2025-01-29 00:00:00,2025,Wednesday,January,Winter,Cloudy,6.07,25.4,60.55,0.0,2.34,9.58,False,False
2025-01-30 00:00:00,2025,Thursday,January,Winter,Cloudy,5.14,25.79,66.47,0.02,1.66,9.03,False,False
2025-01-31 00:00:00,2025,Friday,January,Winter,Cloudy,5.53,27.2,71.0,0.08,1.23,9.75,False,False
2025-02-01 00:00:00,2025,Saturday,February,Winter,Cloudy,5.54,27.51,68.66,0.03,1.6,8.86,False,False
2025-02-02 00:00:00,2025,Sunday,February,Winter,Cloudy,6.1,27.23,67.1,0.01,1.78,9.74,False,False
2025-02-03 00:00:00,2025,Monday,February,Winter,Cloudy,6.06,26.74,64.11,0.01,1.74,11.23,False,False
2025-02-04 00:00:00,2025,Tuesday,February,Winter,Cloudy,6.25,26.38,53.67,0.0,2.0,11.23,False,False
2025-02-05 00:00:00,2025,Wednesday,February,Winter,Cloudy,6.25,25.63,53.92,0.0,2.35,11.65,False,False
2025-02-06 00:00:00,2025,Thursday,February,Winter,Cloudy,6.36,25.51,56.46,0.0,2.22,11.36,False,False
2025-02-07 00:00:00,2025,Friday,February,Winter,Cloudy,6.47,25.64,50.89,0.0,2.5,11.45,False,False
2025-02-08 00:00:00,2025,Saturday,February,Winter,Windy,6.36,25.65,53.94,0.0,2.52,11.56,False,False
2025-02-09 00:00:00,2025,Sunday,February,Winter,Cloudy,6.3,26.37,56.43,0.0,2.26,11.02,False,False
2025-02-10 00:00:00,2025,Monday,February,Winter,Cloudy,6.36,26.04,55.45,0.0,2.01,9.59,False,False
2025-02-11 00:00:00,2025,Tuesday,February,Winter,Cloudy,6.5,26.11,55.88,0.0,1.7,11.06,False,False
2025-02-12 00:00:00,2025,Wednesday,February,Winter,Cloudy,6.6,26.42,53.1,0.0,2.09,11.89,False,False
2025-02-13 00:00:00,2025,Thursday,February,Winter,Cloudy,6.66,26.77,52.01,0.0,1.68,11.2,False,False
2025-02-14 00:00:00,2025,Friday,February,Winter,Cloudy,6.63,26.47,51.38,0.0,1.74,9.64,False,False
2025-02-15 00:00:00,2025,Saturday,February,Winter,Cloudy,6.57,27.29,58.03,0.0,1.23,10.09,False,False
2025-02-16 00:00:00,2025,Sunday,February,Winter,Cloudy,6.58,27.17,56.19,0.0,1.51,0.46,False,True
2025-02-17 00:00:00,2025,Monday,February,Winter,Cloudy,6.62,27.0,55.9,0.0,2.16,10.39,False,False
2025-02-18 00:00:00,2025,Tuesday,February,Winter,Cloudy,6.6,27.05,54.07,0.0,1.73,10.42,False,False
2025-02-19 00:00:00,2025,Wednesday,February,Winter,Cloudy,6.66,27.08,54.21,0.0,1.9,10.63,False,False
2025-02-20 00:00:00,2025,Thursday,February,Winter,Cloudy,6.56,27.64,57.34,0.0,1.56,9.97,False,False
2025-02-21 00:00:00,2025,Friday,February,Winter,Cloudy,6.64,27.62,54.71,0.0,1.86,9.61,False,False
2025-02-22 00:00:00,2025,Saturday,February,Winter,Cloudy,6.25,27.83,55.8,0.0,1.69,9.38,False,False
2025-02-23 00:00:00,2025,Sunday,February,Winter,Clear,6.19,28.42,49.02,0.0,1.64,10.19,False,False
2025-02-24 00:00:00,2025,Monday,February,Winter,Clear,6.82,27.68,46.4,0.0,2.42,10.87,False,False
2025-02-25 00:00:00,2025,Tuesday,February,Winter,Windy,6.81,27.77,48.93,0.0,2.69,10.2,False,False
2025-02-26 00:00:00,2025,Wednesday,February,Winter,Windy,6.66,28.55,50.33,0.01,3.08,10.18,False,False
2025-02-27 00:00:00,2025,Thursday,February,Winter,Windy,6.88,28.11,43.01,0.0,2.62,10.66,False,False
2025-02-28 00:00:00,2025,Friday,February,Winter,Windy,6.76,28.48,46.89,0.14,2.68,10.43,False,False
2025-03-01 00:00:00,2025,Saturday,March,Summer,Rainy,5.33,28.44,61.81,1.57,1.87,8.58,False,False
2025-03-02 00:00:00,2025,Sunday,March,Summer,Rainy,5.48,28.45,66.08,2.18,2.4,9.64,False,False
2025-03-03 00:00:00,2025,Monday,March,Summer,Rainy,5.89,28.44,68.73,4.12,1.43,11.06,False,False
2025-03-04 00:00:00,2025,Tuesday,March,Summer,Cloudy,6.24,28.72,55.79,0.15,1.32,10.72,False,False
2025-03-05 00:00:00,2025,Wednesday,March,Summer,Cloudy,6.28,28.18,53.05,0.16,1.71,11.89,False,False
2025-03-06 00:00:00,2025,Thursday,March,Summer,Rainy,6.32,29.18,63.67,0.23,1.95,11.38,False,False
2025-03-07 00:00:00,2025,Friday,March,Summer,Rainy,6.61,28.7,67.51,1.28,1.92,11.19,False,False
2025-03-08 00:00:00,2025,Saturday,March,Summer,Rainy,6.55,28.58,68.83,1.54,2.36,11.37,False,False
2025-03-09 00:00:00,2025,Sunday,March,Summer,Rainy,6.89,29.3,58.07,0.29,1.34,11.81,False,False
2025-03-10 00:00:00,2025,Monday,March,Summer,Windy,7.0,28.49,42.09,0.12,2.7,13.09,False,False
2025-03-11 00:00:00,2025,Tuesday,March,Summer,Rainy,5.14,28.14,59.34,11.37,3.37,10.02,False,False
2025-03-12 00:00:00,2025,Wednesday,March,Summer,Rainy,4.2,26.92,73.79,7.78,2.09,11.42,False,False
2025-03-13 00:00:00,2025,Thursday,March,Summer,Rainy,6.78,27.86,69.06,2.25,1.75,12.25,False,False
2025-03-14 00:00:00,2025,Friday,March,Summer,Cloudy,6.92,28.61,66.46,0.13,1.1,14.08,False,False
2025-03-15 00:00:00,2025,Saturday,March,Summer,Rainy,7.0,28.08,63.91,0.29,1.06,13.94,False,False
2025-03-16 00:00:00,2025,Sunday,March,Summer,Rainy,5.95,27.55,71.54,4.59,1.7,11.54,False,False
2025-03-17 00:00:00,2025,Monday,March,Summer,Rainy,4.78,26.16,83.1,10.98,1.62,8.31,False,False
2025-03-18 00:00:00,2025,Tuesday,March,Summer,Rainy,6.65,27.38,75.46,0.83,1.5,11.73,False,False
2025-03-19 00:00:00,2025,Wednesday,March,Summer,Rainy,6.43,28.39,71.13,0.95,1.35,13.7,False,False
2025-03-20 00:00:00,2025,Thursday,March,Summer,Rainy,6.87,28.63,66.77,0.36,1.49,12.1,False,False
2025-03-21 00:00:00,2025,Friday,March,Summer,Rainy,5.61,28.52,69.78,1.12,1.62,10.92,False,False
2025-03-22 00:00:00,2025,Saturday,March,Summer,Rainy,5.01,27.25,79.13,4.57,1.13,8.94,False,False
2025-03-23 00:00:00,2025,Sunday,March,Summer,Rainy,5.18,27.91,72.79,2.65,1.27,0.2,False,True
2025-03-24 00:00:00,2025,Monday,March,Summer,Rainy,6.15,28.0,73.64,1.58,1.5,11.26,False,False
2025-03-25 00:00:00,2025,Tuesday,March,Summer,Rainy,5.86,28.52,65.92,1.19,1.89,12.42,False,False
2025-03-26 00:00:00,2025,Wednesday,March,Summer,Rainy,4.46,27.84,71.89,2.98,1.4,11.87,False,False
2025-03-27 00:00:00,2025,Thursday,March,Summer,Rainy,6.09,27.75,72.55,1.67,1.71,11.69,False,False
2025-03-28 00:00:00,2025,Friday,March,Summer,Cloudy,6.28,28.52,68.69,0.04,1.85,13.08,False,False
2025-03-29 00:00:00,2025,Saturday,March,Summer,Cloudy,6.93,29.17,63.89,0.02,1.29,12.46,False,False
2025-03-30 00:00:00,2025,Sunday,March,Summer,Cloudy,7.15,28.82,59.31,0.01,1.44,12.04,False,False
2025-03-31 00:00:00,2025,Monday,March,Summer,Cloudy,7.0,29.26,63.46,0.01,1.63,11.57,False,False
2025-04-01 00:00:00,2025,Tuesday,April,Summer,Rainy,5.62,28.58,64.03,1.18,1.11,11.01,False,False
2025-04-02 00:00:00,2025,Wednesday,April,Summer,Rainy,3.83,27.35,70.77,7.49,1.27,7.31,False,False
2025-04-03 00:00:00,2025,Thursday,April,Summer,Rainy,4.49,26.91,75.54,15.15,1.0,8.21,False,False
2025-04-04 00:00:00,2025,Friday,April,Summer,Rainy,5.08,27.39,73.31,11.14,1.03,14.88,False,False
2025-04-05 00:00:00,2025,Saturday,April,Summer,Rainy,4.19,26.94,76.82,15.15,1.06,11.63,False,False
2025-04-06 00:00:00,2025,Sunday,April,Summer,Rainy,5.88,27.04,76.39,9.26,0.99,13.74,False,False
2025-04-07 00:00:00,2025,Monday,April,Summer,Rainy,6.81,28.19,68.46,2.9,1.03,11.72,False,False
2025-04-08 00:00:00,2025,Tuesday,April,Summer,Rainy,6.62,28.3,69.71,2.0,1.22,11.58,False,False
2025-04-09 00:00:00,2025,Wednesday,April,Summer,Rainy,6.37,27.95,72.47,3.67,1.3,12.58,False,False
2025-04-10 00:00:00,2025,Thursday,April,Summer,Rainy,5.57,27.17,75.84,4.35,1.52,8.22,False,False
2025-04-11 00:00:00,2025,Friday,April,Summer,Rainy,5.99,27.25,74.62,4.32,1.47,0.0,False,True
2025-04-12 00:00:00,2025,Saturday,April,Summer,Rainy,5.15,27.22,75.12,5.93,1.45,10.73,False,False
2025-04-13 00:00:00,2025,Sunday,April,Summer,Rainy,5.76,27.52,72.73,3.33,1.37,11.04,False,False
2025-04-14 00:00:00,2025,Monday,April,Summer,Rainy,5.74,28.0,71.4,3.11,1.03,10.63,False,False
2025-04-15 00:00:00,2025,Tuesday,April,Summer,Rainy,6.78,27.92,69.31,2.43,1.12,10.99,False,False
2025-04-16 00:00:00,2025,Wednesday,April,Summer,Rainy,5.73,27.86,72.13,2.96,1.19,11.47,False,False
2025-04-17 00:00:00,2025,Thursday,April,Summer,Rainy,6.02,27.8,74.62,3.43,1.15,10.3,False,False
2025-04-18 00:00:00,2025,Friday,April,Summer,Rainy,4.79,27.93,75.65,3.44,1.34,9.31,False,False
2025-04-19 00:00:00,2025,Saturday,April,Summer,Rainy,5.94,27.68,74.58,4.45,1.41,11.83,False,False
2025-04-20 00:00:00,2025,Sunday,April,Summer,Rainy,6.45,27.51,73.86,3.69,1.31,10.985,False,False
2025-04-21 00:00:00,2025,Monday,April,Summer,Rainy,6.54,28.41,71.05,2.31,1.16,10.14,False,False
2025-04-22 00:00:00,2025,Tuesday,April,Summer,Rainy,6.28,28.7,70.17,2.16,1.04,9.295,False,False
2025-04-23 00:00:00,2025,Wednesday,April,Summer,Rainy,5.78,28.07,75.95,4.08,1.45,8.45,False,False
2025-04-24 00:00:00,2025,Thursday,April,Summer,Rainy,6.32,28.18,77.37,4.89,1.53,11.77,False,False
2025-04-25 00:00:00,2025,Friday,April,Summer,Rainy,5.47,28.69,72.41,2.22,1.56,9.88,False,False
2025-04-26 00:00:00,2025,Saturday,April,Summer,Rainy,6.03,28.98,70.59,2.28,1.28,10.12,False,False
2025-04-27 00:00:00,2025,Sunday,April,Summer,Rainy,6.04,29.12,72.17,3.84,1.19,11.56,False,False
2025-04-28 00:00:00,2025,Monday,April,Summer,Rainy,5.3,28.95,72.02,3.25,1.15,17.52,False,True
2025-04-29 00:00:00,2025,Tuesday,April,Summer,Rainy,5.95,28.84,73.65,5.01,1.24,11.35,False,False
2025-04-30 00:00:00,2025,Wednesday,April,Summer,Rainy,6.03,28.91,73.44,4.33,1.22,8.94,False,False
